Molecule ChEMBL ID,Molecule Name,Molecular Weight,#RO5 Violations,AlogP,Smiles,Standard Value,Standard Units,pChEMBL Value,Value
CHEMBL257083,,263.38,0,2.95,CNCC1CCCCC1(OC)c1cccc(OC)c1,2686,nM,5.57,2686
CHEMBL258336,,247.38,0,3.28,CO[C@]1(c2ccccc2)CCCC[C@@H]1CN(C)C,2534,nM,5.6,2534
CHEMBL270570,,305.46,0,4.16,CCCCO[C@]1(c2cccc(O)c2)CCCC[C@@H]1CN(C)C,2744,nM,5.56,2744
CHEMBL258140,,319.49,0,4.46,CCCCO[C@]1(c2cccc(OC)c2)CCCC[C@@H]1CN(C)C,110,nM,6.96,110
CHEMBL256227,,305.46,0,4.07,CCCO[C@]1(c2cccc(OC)c2)CCCC[C@@H]1CN(C)C,25,nM,7.6,25
CHEMBL427215,,293.48,None,None,COc1ccc([C@H](CN(C)C)[Si]2(O)CCCCC2)cc1,4200,nM,5.38,4.2
CHEMBL83729,,259.35,0,2.43,COC(=O)[C@@H]1C2CC[C@H](C[C@@H]1c1ccccc1)N2C,1960,nM,5.71,1960
CHEMBL149776,,432.35,1,5.46,COc1cccc2c1O[C@@H](CN1C3C=C(c4ccc(Cl)c(Cl)c4)CC1CC3)CO2,260,nM,6.58,260
CHEMBL1275670,,267.38,0,3.63,CCN(C)C1CCC(c2c[nH]c3ccc(C#N)cc23)C1,1.6,nM,8.8,1.6
CHEMBL1277138,,327.43,0,4.69,N#Cc1ccc2[nH]cc(C3CCC(N4Cc5ccccc5C4)C3)c2c1,6.8,nM,8.17,6.8
CHEMBL1762472,,337.25,0,3.94,CNCC[C@@H](Oc1cc(Cl)ccc1C#N)c1ccccc1.Cl,4500,nM,5.35,4.5
CHEMBL385359,,384.52,0,4.09,CN1C2CCC1C1COC(=O)CCCCCCC(=O)Nc3ccc(cc3)C1C2,2090,nM,5.68,2090
CHEMBL378243,,388.53,0,3.26,CN1C2CCC1C1COC(=O)CCSCCC(=O)Nc3ccc(cc3)C1C2,6730,nM,5.17,6730
CHEMBL1643513,,307.22,0,4.8,CN[C@@H]1CCN(c2ccc(Cl)c(Cl)c2)c2ccccc21,132,nM,6.88,132
CHEMBL1643518,,307.22,0,4.28,CN[C@H]1Cc2ccccc2N(c2ccc(Cl)c(Cl)c2)C1,128,nM,6.89,128
CHEMBL402365,,260.38,0,2.03,CCN(CC)C(=O)[C@@]1(c2ccccc2)CC1CNC,5400,nM,5.27,5400
CHEMBL259209,MILNACIPRAN,246.35,0,1.77,CCN(CC)C(=O)C1(c2ccccc2)CC1CN,420,nM,6.38,420
CHEMBL404729,,346.4,0,2.17,C=CCN(CC(=C)F)C(=O)[C@@]1(c2ccc3c(c2)OCCO3)C[C@H]1CN,39,nM,7.41,39
CHEMBL260131,,314.39,0,1.16,C#CCN(CC)C(=O)[C@@]1(c2ccc3c(c2)OCCO3)C[C@H]1CN,125,nM,6.9,125
CHEMBL411677,,308.38,0,0.93,C#CCN(CC#C)C(=O)[C@@]1(c2ccc3c(c2)CCO3)C[C@H]1CN,145,nM,6.84,145
CHEMBL403469,,314.43,0,2.26,C=CCN(CCC)C(=O)[C@@]1(c2ccc3c(c2)CCO3)C[C@H]1CN,1700,nM,5.77,1700
CHEMBL258450,,286.38,0,2.52,CCN(CC)C(=O)[C@@]1(c2ccc3occc3c2)C[C@H]1CN,280,nM,6.55,280
CHEMBL259209,MILNACIPRAN,246.35,0,1.77,CCN(CC)C(=O)C1(c2ccccc2)CC1CN,3500,nM,5.46,3500
CHEMBL260440,,292.38,0,2.49,NCC1CC1(C(=O)N1CCc2ccccc21)c1ccccc1,13,nM,7.89,13
CHEMBL399778,,253.39,0,4.29,CCN(CC)CC1CC1c1cccc2ccccc12,120,nM,6.92,120
CHEMBL249161,,231.36,0,3.57,CN(C)CC1CC1c1csc2ccccc12,25,nM,7.6,25
CHEMBL1683902,,267.42,0,4.6,CN(C)CC1(c2ccc3ccccc3c2)CCCCC1,3,nM,8.52,3
CHEMBL1681810,,285.35,0,4.47,CN(C)CC1(c2ccc(C(F)(F)F)cc2)CCCCC1,96,nM,7.02,96
CHEMBL1683894,,235.35,0,3.59,CN(C)CC1(c2ccc(F)cc2)CCCCC1,33,nM,7.48,33
CHEMBL388825,,351.49,0,4.75,COc1ccc([C@@H]2C3CCC(C[C@H]2c2ccc(C)cc2)N3C)cc1OC,16200,nM,4.79,16200
CHEMBL119561,O-1186,696.88,None,None,,1300,nM,5.89,1300
CHEMBL197982,,488.03,1,5.01,C[C@@H]1CN(c2cccc3cc(F)ccc23)CCN1CCC1OCCc2c1sc(C(N)=O)c2Cl,2.1,nM,8.68,2.1
CHEMBL211372,,412.57,0,4.87,CN1C2CCC1C1COC(=O)CCCCCCCCC(=O)Nc3ccc(cc3)C1C2,7.8,nM,8.11,7.8
CHEMBL1275792,,246.33,0,3.5,CN(C)[C@H]1CC[C@H](c2c[nH]c3ccc(F)cc23)C1,5.9,nM,8.23,5.9
CHEMBL1275793,,246.33,0,3.5,CN(C)[C@@H]1CC[C@H](c2c[nH]c3ccc(F)cc23)C1,2.4,nM,8.62,2.4
CHEMBL523475,,388.89,0,3.57,COc1ccc(CC(C)(C)NCC(O)COc2cccc(Cl)c2C#N)cc1,34,nM,7.47,0.034
CHEMBL388850,,277.41,0,4.42,CN1C2CCC1[C@@H](c1ccccc1)[C@@H](c1ccccc1)C2,21000,nM,4.68,21000
CHEMBL373385,,273.38,0,2.73,COC(=O)[C@@H]1C2CCC(C[C@H]1c1ccc(C)cc1)N2C,4250,nM,5.37,4250
CHEMBL375889,,385.25,0,3.03,COC(=O)[C@@H]1C2CCC(C[C@H]1c1ccc(I)cc1)N2C,64.9,nM,7.19,64.9
CHEMBL218082,,338.24,0,3.19,COC(=O)[C@@H]1C2CCC(C[C@@H]1c1ccc(Br)cc1)N2C,10.6,nM,7.97,10.6
CHEMBL3126969,,499.54,1,7.61,FC(F)(F)c1cc(COCC2(c3ccccc3)CCC(N3CCCCC3)CC2)cc(C(F)(F)F)c1,970,nM,6.01,970
CHEMBL488638,,228.12,0,2.85,Clc1ccc([C@@]23CNC[C@@H]2C3)cc1Cl,133,nM,6.88,133
CHEMBL353333,,371.22,0,2.69,COC(=O)[C@@H]1C2CCC(C[C@@H]1c1ccc(I)cc1)N2,0.36,nM,9.44,0.36
CHEMBL364146,,386.25,0,3.89,COC(=O)C1=C(c2ccc(I)cc2)CC2CCC1S2,8700,nM,5.06,8.7
CHEMBL552167,,267.38,0,3.48,CN(C)C[C@H]1CCC[C@@H]1c1c[nH]c2ccc(C#N)cc12,0.13,nM,9.89,0.13
CHEMBL1276252,,307.23,0,4.13,CN(C)C1CCC(c2c[nH]c3c(Br)cccc23)C1,1.6,nM,8.8,1.6
CHEMBL1276873,,315.42,0,4.47,N#Cc1ccc2[nH]cc(C3CCC(NCc4ccccc4)C3)c2c1,15,nM,7.82,15
CHEMBL1277229,,341.46,0,4.73,N#Cc1ccc2[nH]cc(C3CCC(N4CCc5ccccc5C4)C3)c2c1,6.5,nM,8.19,6.5
CHEMBL260988,,290.36,0,1.5,CCN(CC)C(=O)[C@@]1(c2ccc3c(c2)OCO3)C[C@H]1CN,480,nM,6.32,480
CHEMBL99946,LEVOMILNACIPRAN,246.35,0,1.77,CCN(CC)C(=O)[C@@]1(c2ccccc2)C[C@H]1CN,19000,nM,4.72,19
CHEMBL11,IMIPRAMINE,280.42,0,3.88,CN(C)CCCN1c2ccccc2CCc2ccccc21,3.5,nM,8.46,0.0035
CHEMBL184770,,335.46,0,2.94,Cc1cccc(N2CCN(CCc3ccc4[nH]nnc4c3)CC2)c1C,260,nM,6.58,0.26
CHEMBL1762474,,418.9,0,4.39,N#Cc1ccc(Cl)cc1S[C@H](CCN)c1ccccc1.O=C(O)/C=C/C(=O)O,6700,nM,5.17,6.7
CHEMBL1762475,,370.8,0,4.31,CNCC[C@@H](Oc1cc(C(F)(F)F)ccc1C#N)c1ccccc1.Cl,10000,nM,5,10
CHEMBL1400,O-DESMETHYL TRAMADOL,249.35,0,2.33,CN(C)C[C@H]1CCCC[C@]1(O)c1cccc(O)c1,4600,nM,5.34,4600
CHEMBL398965,,276.38,0,3.91,N#Cc1ccc2c(C3CC3CN3CCCC3)cccc2c1,51,nM,7.29,51
CHEMBL399147,,225.34,0,3.5,CN(C)CC1CC1c1cccc2ccccc12,170,nM,6.77,170
CHEMBL3917604,,183.68,0,2.62,CC(N)CCc1ccccc1Cl,35850,nM,4.45,35850
CHEMBL1276166,,246.33,0,3.5,CN(C)C1CCC(c2c[nH]c3ccc(F)cc23)C1,1.7,nM,8.77,1.7
CHEMBL173344,,283.42,0,3.92,C=C(C)c1ccc([C@H]2CC3CCC(N3)[C@H]2C(=O)CC)cc1,0.16,nM,9.8,0.16
CHEMBL376899,,259.35,0,2.43,COC(=O)[C@@H]1C2CCC(C[C@H]1c1ccccc1)N2C,5700,nM,5.24,5700
CHEMBL311347,,385.25,0,3.03,COC(=O)[C@@H]1C2CC[C@H](C[C@@H]1c1ccc(I)cc1)N2C,4.21,nM,8.38,4.21
CHEMBL43048,MIDOMAFETAMINE,193.25,0,1.57,CNC(C)Cc1ccc2c(c1)OCO2,425,nM,6.37,425
CHEMBL117362,Rhenium complex,694.87,None,None,,4000,nM,5.4,4000
CHEMBL196468,,239.32,0,2.7,CN(C)C[C@H]1C[C@@H]1c1c[nH]c2ccc(C#N)cc12,0.48,nM,9.32,0.48
CHEMBL1276117,,246.33,0,3.5,CN(C)C1CCC(c2c[nH]c3cccc(F)c23)C1,31,nM,7.51,31
CHEMBL1276249,,307.23,0,4.13,CN(C)C1CCC(c2c[nH]c3cc(Br)ccc23)C1,9.6,nM,8.02,9.6
CHEMBL1277050,,293.41,0,4.16,N#Cc1ccc2[nH]cc(C3CCC(N4CCCCC4)C3)c2c1,65,nM,7.19,65
CHEMBL1277137,,295.39,0,3.01,N#Cc1ccc2[nH]cc(C3CCC(N4CCOCC4)C3)c2c1,110,nM,6.96,110
CHEMBL1275707,,274.38,0,4.28,CCN(CC)C1CCC(c2c[nH]c3ccc(F)cc23)C1,7.3,nM,8.14,7.3
CHEMBL1275708,,272.37,0,4.04,Fc1ccc2[nH]cc(C3CCC(N4CCCC4)C3)c2c1,2.9,nM,8.54,2.9
CHEMBL1275709,,253.35,0,3.24,CN(C)[C@@H]1CC[C@H](c2c[nH]c3ccc(C#N)cc23)C1,0.22,nM,9.66,0.22
CHEMBL2096878,,321.46,0,4.74,COc1ccc([C@H]2C3CCC(C[C@H]2c2ccc(C)cc2)N3C)cc1,1530,nM,5.82,1530
CHEMBL2204342,,293.48,None,None,COc1ccc([C@@H](CN(C)C)[Si]2(O)CCCCC2)cc1,791,nM,6.1,0.791
CHEMBL427215,,293.48,None,None,COc1ccc([C@H](CN(C)C)[Si]2(O)CCCCC2)cc1,3168,nM,5.5,3.168
CHEMBL6055620,,218.08,0,2.34,Clc1ccc(OC2CNC2)cc1Cl,1300,nM,5.89,1300
CHEMBL379755,,440.63,1,5.65,CN1C2CCC1C1COC(=O)CCCCCCCCCCC(=O)Nc3ccc(cc3)C1C2,1200,nM,5.92,1200
CHEMBL1215695,,378.29,0,4.7,CN(C)CCCC1(c2ccc(F)cc2)OCc2cc(Br)ccc21,120,nM,6.92,120
CHEMBL300226,,385.25,0,3.03,COC(=O)C1C2CC[C@H](C[C@@H]1c1ccc(I)cc1)N2C,2.53,nM,8.6,2.53
CHEMBL450714,,273.4,0,4.26,CSc1ccc(Oc2ccccc2CN(C)C)cc1,1,nM,9,1
CHEMBL488242,,247.72,0,3.85,CNCc1ccccc1Oc1ccc(Cl)cc1,13.9,nM,7.86,13.9
CHEMBL488434,,265.71,0,3.99,CNCc1cc(F)ccc1Oc1ccc(Cl)cc1,9.47,nM,8.02,9.47
CHEMBL451137,,361.07,1,5.27,CNCc1ccc(Br)cc1Oc1ccc(Cl)c(Cl)c1,5.1,nM,8.29,5.1
CHEMBL488435,,361.07,1,5.27,CNCc1cc(Br)ccc1Oc1ccc(Cl)c(Cl)c1,4.8,nM,8.32,4.8
CHEMBL451076,,307.18,0,4.38,CNCc1cc(C#N)ccc1Oc1ccc(Cl)c(Cl)c1,2.5,nM,8.6,2.5
CHEMBL455425,,310.22,1,5.12,CNCc1cc(C)c(C)cc1Oc1ccc(Cl)c(Cl)c1,8.9,nM,8.05,8.9
CHEMBL455426,,325.2,0,3.6,CNCc1cc(C(N)=O)ccc1Oc1ccc(Cl)c(Cl)c1,3.78,nM,8.42,3.78
CHEMBL475121,,275.78,0,4.47,CNCc1ccc(Cl)cc1Oc1ccc(C)c(C)c1,4.67,nM,8.33,4.67
CHEMBL462225,,275.78,0,4.47,CNCc1cc(Cl)ccc1Oc1ccc(C)c(C)c1,9.81,nM,8.01,9.81
CHEMBL443922,,296.2,0,4.85,CN(C)Cc1ccccc1Oc1ccc(Cl)c(Cl)c1,0.35,nM,9.46,0.35
CHEMBL257423,,261.75,0,4.19,CN(C)Cc1ccccc1Oc1ccc(Cl)cc1,1.68,nM,8.78,1.68
CHEMBL487053,,310.22,1,5.41,CC(c1ccccc1Oc1ccc(Cl)c(Cl)c1)N(C)C,3.27,nM,8.48,3.27
CHEMBL488021,,259.32,0,3.95,CNCc1cc(F)ccc1Oc1ccc(C)c(C)c1,7.55,nM,8.12,7.55
CHEMBL488241,,241.33,0,3.82,CNCc1ccccc1Oc1ccc(C)c(C)c1,12.8,nM,7.89,12.8
CHEMBL508192,,241.33,0,4.07,CNC(C)c1ccccc1Oc1ccc(C)cc1,94.1,nM,7.03,94.1
CHEMBL488437,,314.19,1,5.21,CNC(C)c1cc(F)ccc1Oc1ccc(Cl)c(Cl)c1,8.09,nM,8.09,8.09
CHEMBL455511,,310.22,1,5.16,Cc1ccc(Oc2ccc(Cl)c(Cl)c2)c(CN(C)C)c1,2.36,nM,8.63,2.36
CHEMBL455675,,334.6,1,5.3,CNCc1cc(F)c(Cl)cc1Oc1ccc(Cl)c(Cl)c1,4.37,nM,8.36,4.37
CHEMBL442923,,283.7,0,4.13,CNCc1cc(F)ccc1Oc1ccc(F)c(Cl)c1,37.5,nM,7.43,37.5
CHEMBL505091,,316.62,1,5.16,CNCc1cc(Cl)ccc1Oc1ccc(Cl)c(Cl)c1,5.73,nM,8.24,5.73
CHEMBL452091,,296.2,0,4.81,CNCc1ccc(Cl)cc1Oc1ccc(Cl)c(C)c1,4.27,nM,8.37,4.27
CHEMBL445754,,300.16,0,4.64,CNCc1ccc(Cl)cc1Oc1ccc(Cl)c(F)c1,88,nM,7.06,88
CHEMBL486278,,385.46,0,2.22,COc1ccc(CC(C)(C)NC[C@H](O)COc2cccc3[nH]c(=O)[nH]c23)cc1,61,nM,7.21,0.061
CHEMBL401417,,275.36,0,3.25,CN(C)CC1CC1c1ccc2cc(C#N)c(C#N)cc2c1,5.9,nM,8.23,5.9
CHEMBL403949,,288.39,0,1.71,CCN(CC)C(=O)[C@@]1(c2ccc3c(c2)CCO3)C[C@H]1CN,2100,nM,5.68,2100
CHEMBL359447,,483.57,0,4.73,Cc1nnc(-c2ccc(-c3ccc(C(=O)Nc4ccc(O)c(N5CCN(C)CC5)c4)cc3)c(C)c2)o1,4700,nM,5.33,4700
CHEMBL326165,N-[(2-((3'-N-propyl-(1''R) -3''beta-(4-fluorophenyl) tropane-2''-beta-1-propanoyl) (2-mercaptoethyl) amino) acetyl) -2-aminoethanethiolato)rhenium(V) oxide,694.91,None,None,,10000,nM,5,10000
CHEMBL150050,,420.48,0,4.71,COc1cccc2c1O[C@@H](CN1C3C=C(n4ccc5cc(F)ccc54)CC1CC3)CO2,138,nM,6.86,138
CHEMBL488911,,311.21,0,4.43,CN(C)Cc1cc(N)ccc1Oc1ccc(Cl)c(Cl)c1,4.99,nM,8.3,4.99
CHEMBL119561,O-1186,696.88,None,None,,80,nM,7.1,80
CHEMBL382955,,305.42,0,3.79,CN1C2CCC1CC(O)(C1c3ccccc3-c3ccccc31)C2,35400,nM,4.45,35400
CHEMBL1276960,,329.45,0,4.51,N#Cc1ccc2[nH]cc(C3CCC(NCCc4ccccc4)C3)c2c1,10,nM,8,10
CHEMBL15928,GR-127935,497.6,1,5.03,COc1ccc(NC(=O)c2ccc(-c3ccc(-c4noc(C)n4)cc3C)cc2)cc1N1CCN(C)CC1,1000,nM,6,1000
CHEMBL1683885,,237.77,0,3.76,CNCC1(c2ccc(Cl)cc2)CCCCC1,1870,nM,5.73,1870
CHEMBL71,CHLORPROMAZINE,318.87,0,4.89,CN(C)CCCN1c2ccccc2Sc2ccc(Cl)cc21,120,nM,6.92,0.12
CHEMBL3696475,MK-7145,466.53,0,2.03,Cc1c([C@@H](O)CN2CCN(C[C@H](O)c3ccc4c(c3C)COC4=O)CC2)ccc2c1COC2=O,120,nM,6.92,0.12
CHEMBL1683891,,253.34,0,3.73,CN(C)CC1(c2ccc(F)c(F)c2)CCCCC1,57,nM,7.24,57
CHEMBL374712,,293.79,0,3.08,COC(=O)[C@H]1[C@H]2CCC(C[C@H]1c1ccc(Cl)cc1)N2C,1800,nM,5.75,1800
CHEMBL222705,,277.34,0,2.57,COC(=O)[C@@H]1C2CCC(C[C@H]1c1ccc(F)cc1)N2C,5060,nM,5.3,5060
CHEMBL426659,,293.41,0,3.8,CN1C2CCC1CC(O)(c1cccc(-c3ccccc3)c1)C2,3770,nM,5.42,3770
CHEMBL194372,,373.41,0,3.38,CN[C@@H](CCOc1ccc([N+](=O)[O-])cc1)c1ccc(OC(=O)N(C)C)cc1,42,nM,7.38,42
CHEMBL381046,,275.4,0,4.6,CN1C2C=C(c3ccccc3-c3ccccc3)CC1CC2,1710,nM,5.77,1710
CHEMBL201223,,287.41,0,4.59,CN1C2C=C(C3c4ccccc4-c4ccccc43)CC1CC2,690,nM,6.16,690
CHEMBL379021,,272.44,0,2.63,[2H]C([2H])([2H])Oc1cccc([C@@]2(O)CCCC[C@@H]2CN(C([2H])([2H])[2H])C([2H])([2H])[2H])c1,1100,nM,5.96,1100
CHEMBL607377,,401.45,0,4.1,COC(=O)C1C2CC[C@H](C[C@H]1OC(c1ccc(F)cc1)c1ccc(F)cc1)N2C,4087,nM,5.39,4087
CHEMBL1683870,,272.22,0,4.41,CNCC1(c2ccc(Cl)c(Cl)c2)CCCCC1,169,nM,6.77,169
CHEMBL1683898,,253.39,0,4.26,CNCC1(c2cccc3ccccc23)CCCCC1,1079,nM,5.97,1079
CHEMBL1683876,,314.3,1,5.54,CCN(CC)CC1(c2ccc(Cl)c(Cl)c2)CCCCC1,2240,nM,5.65,2240
CHEMBL184252,,488.41,1,5.99,O=C1O[C@]2(CC[C@@H](N3CCC(Cc4cc(Cl)ccc4Cl)CC3)CC2)c2ccc3c(c21)OCO3,92,nM,7.04,92
CHEMBL119561,O-1186,696.88,None,None,,299,nM,6.52,299
CHEMBL326165,N-[(2-((3'-N-propyl-(1''R) -3''beta-(4-fluorophenyl) tropane-2''-beta-1-propanoyl) (2-mercaptoethyl) amino) acetyl) -2-aminoethanethiolato)rhenium(V) oxide,694.91,None,None,,497,nM,6.3,497
CHEMBL256557,,328.41,0,1.87,C=CCN(CC=C)C(=O)[C@@]1(c2ccc3c(c2)OCCO3)C[C@H]1CN,32,nM,7.5,32
CHEMBL257335,,320.36,0,1.62,C=C(F)CN(C)C(=O)[C@@]1(c2ccc3c(c2)OCCO3)C[C@H]1CN,100,nM,7,100
CHEMBL411655,,352.39,0,2.06,NC[C@@H]1C[C@@]1(C(=O)N1CCOc2ccccc21)c1ccc2c(c1)OCO2,320,nM,6.5,320
CHEMBL404013,,312.41,0,2.04,C=CCN(CC=C)C(=O)[C@@]1(c2ccc3c(c2)CCO3)C[C@H]1CN,270,nM,6.57,270
CHEMBL258180,,300.4,0,1.87,C=CCN(CC)C(=O)[C@@]1(c2ccc3c(c2)CCO3)C[C@H]1CN,430,nM,6.37,430
CHEMBL99946,LEVOMILNACIPRAN,246.35,0,1.77,CCN(CC)C(=O)[C@@]1(c2ccccc2)C[C@H]1CN,320,nM,6.5,320
CHEMBL405462,,260.38,0,2.16,CCN(CC)C(=O)C1(c2ccccc2)CC1(C)CN,6900,nM,5.16,6900
CHEMBL641,ATOMOXETINE,255.36,0,3.72,CNCC[C@@H](Oc1ccccc1C)c1ccccc1,190,nM,6.72,190
CHEMBL180630,,227.31,0,2.53,CN(C)CCCc1c[nH]c2ccc(C#N)cc12,2,nM,8.7,2
CHEMBL1275669,,267.38,0,3.68,CCCNC1CCC(c2c[nH]c3ccc(C#N)cc23)C1,30,nM,7.52,30
CHEMBL1277048,,343.47,0,4.85,CN(CCc1ccccc1)C1CCC(c2c[nH]c3ccc(C#N)cc23)C1,6.2,nM,8.21,6.2
CHEMBL1275729,,253.35,0,3.24,CN(C)[C@H]1CC[C@H](c2c[nH]c3ccc(C#N)cc23)C1,0.97,nM,9.01,0.97
CHEMBL2012116,,328.43,0,4.24,COC(=O)[C@H]1C2CCC(C[C@H]1c1ccc(-c3ccccc3)s1)O2,78,nM,7.11,78
CHEMBL488260,,350.17,1,5.52,CNCc1ccc(C(F)(F)F)cc1Oc1ccc(Cl)c(Cl)c1,29.6,nM,7.53,29.6
CHEMBL444203,,279.74,0,4.55,CNC(C)c1cc(F)ccc1Oc1ccc(Cl)cc1,34.8,nM,7.46,34.8
CHEMBL507884,,350.17,1,5.52,CNCc1cc(C(F)(F)F)ccc1Oc1ccc(Cl)c(Cl)c1,21.8,nM,7.66,21.8
CHEMBL453630,,364.19,1,6.08,CNC(C)c1cc(C(F)(F)F)ccc1Oc1ccc(Cl)c(Cl)c1,61.2,nM,7.21,61.2
CHEMBL461631,,275.78,0,4.72,CNC(C)c1ccc(Cl)cc1Oc1ccc(C)cc1,187,nM,6.73,187
CHEMBL1276224,,262.78,0,4.02,CN(C)C1CCC(c2c[nH]c3ccc(Cl)cc23)C1,3,nM,8.52,3
CHEMBL1276227,,262.78,0,4.02,CN(C)C1CCC(c2c[nH]c3cc(Cl)ccc23)C1,6.5,nM,8.19,6.5
CHEMBL1276250,,246.33,0,3.5,CN(C)C1CCC(c2c[nH]c3c(F)cccc23)C1,3.3,nM,8.48,3.3
CHEMBL1276298,,239.32,0,2.9,CNC1CCC(c2c[nH]c3ccc(C#N)cc23)C1,8.5,nM,8.07,8.5
CHEMBL1276299,,253.35,0,3.29,CCNC1CCC(c2c[nH]c3ccc(C#N)cc23)C1,6.6,nM,8.18,6.6
CHEMBL1276961,,281.4,0,4.02,CCN(CC)C1CCC(c2c[nH]c3ccc(C#N)cc23)C1,6.2,nM,8.21,6.2
CHEMBL1275794,,246.33,0,3.5,CN(C)[C@@H]1CC[C@@H](c2c[nH]c3ccc(F)cc23)C1,2.8,nM,8.55,2.8
CHEMBL2096874,,277.41,0,4.42,CN1C2CCC1[C@H](c1ccccc1)[C@H](c1ccccc1)C2,41000,nM,4.39,41000
CHEMBL3818959,,308.85,0,2.99,Cc1cccc(CN(C2CCOCC2)C2CCNC2)c1Cl,5,nM,8.3,5
CHEMBL1683875,,300.27,1,5.15,CCN(C)CC1(c2ccc(Cl)c(Cl)c2)CCCCC1,156,nM,6.81,156
CHEMBL1683872,,286.25,0,4.8,CCNCC1(c2ccc(Cl)c(Cl)c2)CCCCC1,158,nM,6.8,158
CHEMBL1683893,,235.35,0,3.59,CN(C)CC1(c2cccc(F)c2)CCCCC1,224,nM,6.65,224
CHEMBL1683903,,265.4,0,4.51,NCC1(c2ccc(-c3ccccc3)cc2)CCCCC1,855,nM,6.07,855
CHEMBL1683877,,312.28,1,5.29,Clc1ccc(C2(CN3CCCC3)CCCCC2)cc1Cl,8571,nM,5.07,8571
CHEMBL11,IMIPRAMINE,280.42,0,3.88,CN(C)CCCN1c2ccccc2CCc2ccccc21,2,nM,8.7,2
CHEMBL119561,O-1186,696.88,None,None,,67,nM,7.17,67
CHEMBL5271116,,315.2,0,3.82,COC(=O)[C@H]1[C@@H](c2ccc(Cl)c(Cl)c2)C[C@@H]2CC[C@H]1O2,4.67,nM,8.33,4.67
CHEMBL1643509,,293.2,0,4.54,NC1CCN(c2ccc(Cl)c(Cl)c2)c2ccccc21,650,nM,6.19,650
CHEMBL1683892,,239.31,0,3.39,CNCC1(c2ccc(F)c(F)c2)CCCCC1,2723,nM,5.57,2723
CHEMBL1683879,,328.28,0,4.53,Clc1ccc(C2(CN3CCOCC3)CCCCC2)cc1Cl,7932,nM,5.1,7932
CHEMBL1643896,,424.33,0,3.48,CN1[C@H]2CC[C@@H]1[C@@H](C(=O)N1CCCC1)[C@@H](c1ccc(I)cc1)C2,991,nM,6,991
CHEMBL256646,,308.43,0,2.95,CCN(Cc1ccccc1)C(=O)C1(c2ccccc2)CC1CN,160,nM,6.8,160
CHEMBL272744,,274.41,0,2.42,CCNCC1CC1(C(=O)N(CC)CC)c1ccccc1,1300,nM,5.89,1300
CHEMBL249951,,225.34,0,3.5,CN(C)CC1CC1c1ccc2ccccc2c1,8.6,nM,8.07,8.6
CHEMBL249121,,250.34,0,3.42,CCNCC1CC1c1cccc2cc(C#N)ccc12,37,nM,7.43,37
CHEMBL196468,,239.32,0,2.7,CN(C)C[C@H]1C[C@@H]1c1c[nH]c2ccc(C#N)cc12,0.48,nM,9.32,0.48
CHEMBL180630,,227.31,0,2.53,CN(C)CCCc1c[nH]c2ccc(C#N)cc12,2,nM,8.7,2
CHEMBL2012107,,328.43,0,4.24,COC(=O)[C@@H]1C2CCC(C[C@H]1c1cccc(-c3cccs3)c1)O2,287,nM,6.54,287
CHEMBL343369,Rhenium complex,764.77,None,None,,71.8,nM,7.14,71.8
CHEMBL361836,,481.56,0,4.87,COc1ccc(F)c(CC2CCN([C@H]3CC[C@]4(CC3)OC(=O)c3c5c(ccc34)OCCO5)CC2)c1,430,nM,6.37,430
CHEMBL363507,,437.51,0,4.82,O=C1O[C@]2(CC[C@@H](N3CCC(Cc4ccccc4F)CC3)CC2)c2ccc3c(c21)OCO3,410,nM,6.39,410
CHEMBL363768,,449.55,0,4.69,COc1ccccc1CC1CCN([C@H]2CC[C@]3(CC2)OC(=O)c2c4c(ccc23)OCO4)CC1,150,nM,6.82,150
CHEMBL434728,,463.57,0,4.73,COc1ccccc1CC1CCN([C@H]2CC[C@]3(CC2)OC(=O)c2c4c(ccc23)OCCO4)CC1,59,nM,7.23,59
CHEMBL607431,,401.45,0,4.1,COC(=O)[C@@H]1[C@H]2CCC(C[C@H]1OC(c1ccc(F)cc1)c1ccc(F)cc1)N2C,1830,nM,5.74,1830
CHEMBL607377,,401.45,0,4.1,COC(=O)C1C2CC[C@H](C[C@H]1OC(c1ccc(F)cc1)c1ccc(F)cc1)N2C,1980,nM,5.7,1980
CHEMBL367408,,269.39,0,3.53,C=Cc1ccc([C@H]2CC3CCC(N3)[C@H]2C(=O)CC)cc1,0.32,nM,9.49,0.32
CHEMBL1641622,,293.2,0,4.01,N[C@H]1Cc2ccccc2N(c2ccc(Cl)c(Cl)c2)C1,2400,nM,5.62,2400
CHEMBL270642,,263.38,0,2.99,CO[C@]1(c2cccc(O)c2)CCCC[C@@H]1CN(C)C,10000,nM,5,10000
CHEMBL249331,,211.31,0,3.16,CNCC1CC1c1ccc2ccccc2c1,52,nM,7.28,52
CHEMBL399147,,225.34,0,3.5,CN(C)CC1CC1c1cccc2ccccc12,18,nM,7.75,18
CHEMBL399147,,225.34,0,3.5,CN(C)CC1CC1c1cccc2ccccc12,15,nM,7.82,15
CHEMBL2012084,,323.39,0,3.57,COC(=O)C1=C(c2cccc(-c3cccn3C)c2)CC2CCC1O2,870,nM,6.06,870
CHEMBL379333,,384.48,0,2.88,CN1C2CCC1C1COC(=O)CCC(=O)CCC(=O)Nc3ccc(cc3)C1C2,5010,nM,5.3,5010
CHEMBL198072,,435.57,0,3.32,CCN(CC)C(=O)[C@@]1(c2ccccc2)CC1CNCC(O)COc1cccc2[nH]ccc12,120,nM,6.92,120
CHEMBL1683884,,251.8,0,4.1,CN(C)CC1(c2ccc(Cl)cc2)CCCCC1,102,nM,6.99,102
CHEMBL1683895,,217.36,0,3.45,CN(C)CC1(c2ccccc2)CCCCC1,249,nM,6.6,249
CHEMBL1683882,,272.22,0,4.37,CN(C)CC1(c2ccc(Cl)c(Cl)c2)CCCC1,278,nM,6.56,278
CHEMBL1683880,,341.33,0,4.44,CN1CCN(CC2(c3ccc(Cl)c(Cl)c3)CCCCC2)CC1,299,nM,6.52,299
CHEMBL1683873,,298.26,0,4.95,Clc1ccc(C2(CNC3CC3)CCCCC2)cc1Cl,651,nM,6.19,651
CHEMBL1683896,,285.35,0,4.47,CN(C)CC1(c2cccc(C(F)(F)F)c2)CCCCC1,1530,nM,5.82,1530
CHEMBL1683878,,326.31,1,5.68,Clc1ccc(C2(CN3CCCCC3)CCCCC2)cc1Cl,9674,nM,5.01,9674
CHEMBL1683874,,286.25,0,4.76,CN(C)CC1(c2ccc(Cl)c(Cl)c2)CCCCC1,19,nM,7.72,19
CHEMBL2079586,,277.34,0,2.57,COC(=O)[C@H]1[C@@H](c2ccc(F)cc2)C[C@H]2CC[C@H]1N2C,692,nM,6.16,692
CHEMBL251694,,277.41,0,3.04,COc1ccc([C@H](CN(C)C)C2(O)CCCCC2)cc1,30,nM,7.52,0.03
CHEMBL549,CITALOPRAM,324.4,0,3.81,CN(C)CCCC1(c2ccc(F)cc2)OCc2cc(C#N)ccc21,90,nM,7.05,90
CHEMBL256902,,321.46,0,3.04,COc1cccc([C@@]2(OCCCO)CCCC[C@@H]2CN(C)C)c1,1493,nM,5.83,1493
CHEMBL255768,,303.45,0,3.77,CN(C)C[C@H]1CCCC[C@]1(OCC1CC1)c1cccc(O)c1,3667,nM,5.44,3667
CHEMBL1643515,,293.2,0,4.01,NC1Cc2ccccc2N(c2ccc(Cl)c(Cl)c2)C1,2550,nM,5.59,2550
CHEMBL1643517,,307.22,0,4.28,CNC1Cc2ccccc2N(c2ccc(Cl)c(Cl)c2)C1,985,nM,6.01,985
CHEMBL270786,,291.44,0,3.77,CCCO[C@]1(c2cccc(O)c2)CCCC[C@@H]1CN(C)C,2798,nM,5.55,2798
CHEMBL180899,,452.5,1,5.28,Oc1nc2cc3c(cc2c2c1[C@@H](N1CCC(Cc4cc(F)ccc4F)CC1)CCC2)OCO3,14,nM,7.85,14
CHEMBL249134,,250.34,0,3.38,CN(C)CC1CC1c1ccc2cc(C#N)ccc2c1,13,nM,7.89,13
CHEMBL248932,,250.34,0,3.38,CN(C)CC1CC1c1ccc2ccc(C#N)cc2c1,83,nM,7.08,83
CHEMBL250764,,239.36,0,3.9,CCN(C)CC1CC1c1ccc2ccccc2c1,310,nM,6.51,310
CHEMBL249123,,278.4,0,4.16,CCN(CC)CC1CC1c1cccc2cc(C#N)ccc12,67,nM,7.17,67
CHEMBL447733,,263.29,0,3.82,CN(C)Cc1ccccc1Oc1ccc(F)c(F)c1,34.4,nM,7.46,34.4
CHEMBL487188,,342.22,0,4.52,CNCc1cc(OC)c(OC)cc1Oc1ccc(Cl)c(Cl)c1,14.1,nM,7.85,14.1
CHEMBL448461,,283.7,0,4.13,CNCc1cc(F)ccc1Oc1ccc(Cl)c(F)c1,19.3,nM,7.71,19.3
CHEMBL472388,,295.3,0,4.53,CNCc1cc(C(F)(F)F)ccc1Oc1ccc(C)cc1,74.7,nM,7.13,74.7
CHEMBL455184,,279.74,0,4.3,CNCc1ccc(Cl)cc1Oc1ccc(F)c(C)c1,31.2,nM,7.51,31.2
CHEMBL406156,,363.46,0,1.48,NCC(=O)NCC1CC1(C(=O)C1NCCc2ccccc21)c1ccccc1,150,nM,6.82,150
CHEMBL1169524,,303.41,0,0.89,CCN(CC)C(=O)[C@@]1(c2ccccc2)C[C@H]1CNC(=O)CN,2200,nM,5.66,2200
CHEMBL260439,,258.37,0,1.94,C=CCN(CC)C(=O)C1(c2ccccc2)CC1CN,280,nM,6.55,280
CHEMBL326466,,279.43,0,4.53,CN(C)C[C@H]1C2CCC(C2)[C@@H]1c1ccc2ccccc2c1,9,nM,8.05,9
CHEMBL184713,,455.5,0,4.96,O=C1O[C@]2(CC[C@@H](N3CCC(Cc4cc(F)ccc4F)CC3)CC2)c2ccc3c(c21)OCO3,250,nM,6.6,250
CHEMBL185169,,294.35,0,3.72,COC(=O)C1=C(c2ccc3ccccc3c2)CC2CCC1O2,700,nM,6.16,0.7
CHEMBL607430,,401.45,0,4.1,COC(=O)C1C2CC[C@H](C[C@@H]1OC(c1ccc(F)cc1)c1ccc(F)cc1)N2C,5500,nM,5.26,5500
CHEMBL185025,,467.54,0,4.83,COc1ccc(F)c(CC2CCN([C@H]3CC[C@]4(CC3)OC(=O)c3c5c(ccc34)OCO5)CC2)c1,400,nM,6.4,400
CHEMBL404364,,260.38,0,2.16,CCCN(CC)C(=O)C1(c2ccccc2)CC1CN,1700,nM,5.77,1700
CHEMBL256408,,327.43,0,2.59,CCN(CC)C(=O)C1(c2ccccc2)CC1CNCc1ncco1,1600,nM,5.8,1600
CHEMBL257264,,293.41,0,2.35,CN(C)C[C@H]1CCCC[C@]1(OCCO)c1cccc(O)c1,1503,nM,5.82,1503
CHEMBL592374,AMITIFADINE,228.12,0,2.85,Clc1ccc([C@]23CNC[C@H]2C3)cc1Cl,12.3,nM,7.91,12.3
CHEMBL2012102,,325.41,0,3.52,COC(=O)[C@@H]1C2CCC(C[C@H]1c1ccc(-c3cccn3C)cc1)O2,395,nM,6.4,395
CHEMBL2012106,,312.37,0,3.77,COC(=O)[C@@H]1C2CCC(C[C@H]1c1cccc(-c3ccco3)c1)O2,77,nM,7.11,77
CHEMBL2012108,,325.41,0,3.52,COC(=O)[C@@H]1C2CCC(C[C@@H]1c1cccc(-c3cccn3C)c1)O2,142,nM,6.85,142
CHEMBL260863,,326.4,0,1.67,C=CCN(CC#CC)C(=O)[C@@]1(c2ccc3c(c2)OCO3)C[C@H]1CN,64,nM,7.19,64
CHEMBL410054,,324.42,0,1.88,C=CCN(CC#CC)C(=O)[C@@]1(c2ccc3c(c2)CCO3)C[C@H]1CN,210,nM,6.68,210
CHEMBL264678,,304.39,0,1.54,CCN(CC)C(=O)[C@@]1(c2ccc3c(c2)OCCO3)C[C@H]1CN,140,nM,6.85,140
CHEMBL264430,,350.42,0,2.22,NC[C@@H]1C[C@@]1(C(=O)N1CCc2ccccc2C1)c1ccc2c(c1)OCO2,26,nM,7.58,26
CHEMBL404345,,300.45,0,3.08,CCN(C(=O)C1(c2ccccc2)CC1CN)C1CCCCC1,7500,nM,5.12,7500
CHEMBL326165,N-[(2-((3'-N-propyl-(1''R) -3''beta-(4-fluorophenyl) tropane-2''-beta-1-propanoyl) (2-mercaptoethyl) amino) acetyl) -2-aminoethanethiolato)rhenium(V) oxide,694.91,None,None,,1000,nM,6,1000
CHEMBL1642897,,306.24,0,4.66,CN[C@H]1Cc2ccccc2[C@@H](c2ccc(Cl)c(Cl)c2)C1,107,nM,6.97,107
CHEMBL1643511,,307.22,0,4.8,CNC1CCN(c2ccc(Cl)c(Cl)c2)c2ccccc21,20,nM,7.7,20
CHEMBL1643519,,321.25,0,4.62,CN(C)[C@H]1Cc2ccccc2N(c2ccc(Cl)c(Cl)c2)C1,5558,nM,5.25,5558
CHEMBL1683883,,258.19,0,3.98,CN(C)CC1(c2ccc(Cl)c(Cl)c2)CCC1,898,nM,6.05,898
CHEMBL11,IMIPRAMINE,280.42,0,3.88,CN(C)CCCN1c2ccccc2CCc2ccccc21,7.3,nM,8.14,7.3
CHEMBL1683881,,272.22,0,4.54,NCC1(c2ccc(Cl)c(Cl)c2)CCCCCC1,637,nM,6.2,637
CHEMBL1643516,,321.25,0,4.62,CN(C)C1Cc2ccccc2N(c2ccc(Cl)c(Cl)c2)C1,436,nM,6.36,436
CHEMBL607377,,401.45,0,4.1,COC(=O)C1C2CC[C@H](C[C@H]1OC(c1ccc(F)cc1)c1ccc(F)cc1)N2C,4930,nM,5.31,4930
CHEMBL348708,,414.5,0,4.7,COc1cccc2c1O[C@@H](CN1C3C=C(c4cccc5cccnc45)CC1CC3)CO2,109,nM,6.96,109
CHEMBL488060,,300.16,0,4.64,CNCc1cc(F)ccc1Oc1ccc(Cl)c(Cl)c1,3.28,nM,8.48,3.28
CHEMBL488261,,316.62,1,5.16,CNCc1ccc(Cl)cc1Oc1ccc(Cl)c(Cl)c1,6.22,nM,8.21,6.22
CHEMBL500329,,312.2,0,4.51,CNCc1ccc(OC)cc1Oc1ccc(Cl)c(Cl)c1,8.72,nM,8.06,8.72
CHEMBL447864,,261.75,0,4.16,CNCc1ccc(Cl)cc1Oc1ccc(C)cc1,17,nM,7.77,17
CHEMBL453880,,333.71,1,5.01,CNCc1ccc(Cl)cc1Oc1ccc(F)c(C(F)(F)F)c1,9.71,nM,8.01,9.71
CHEMBL182288,,543.41,1,4.47,Oc1nc2cc3c(cc2c2c1[C@@H](N1CCN(Cc4ccccc4I)CC1)CCC2)OCO3,23,nM,7.64,23
CHEMBL461571,,531.91,2,6.63,Cc1c(C(=O)c2ccc(Cl)cc2)c2ccc(OC(F)(F)F)cc2n1Cc1cccc(O[C@H](C)C(=O)O)c1,970,nM,6.01,0.97
CHEMBL117698,Rhenium complex,745.81,None,None,,400,nM,6.4,400
CHEMBL118075,O-863,747.78,None,None,,639,nM,6.19,639
CHEMBL488912,,282.17,0,4.51,CNCc1ccccc1Oc1ccc(Cl)c(Cl)c1,4.02,nM,8.4,4.02
CHEMBL453879,,300.16,0,4.64,CNCc1ccc(Cl)cc1Oc1ccc(F)c(Cl)c1,25.4,nM,7.59,25.4
CHEMBL41,FLUOXETINE,309.33,0,4.44,CNCCC(Oc1ccc(C(F)(F)F)cc1)c1ccccc1,12.6,nM,7.9,12.6
CHEMBL117179,Rhenium complex,745.77,None,None,,1693,nM,5.77,1693
CHEMBL504479,,354.45,0,2.92,COc1ccc(CC(C)(C)NCC(O)COc2ccccc2C#N)cc1,21,nM,7.68,0.021
CHEMBL1643512,,293.2,0,4.54,N[C@@H]1CCN(c2ccc(Cl)c(Cl)c2)c2ccccc21,116,nM,6.94,116
CHEMBL1643514,,321.25,1,5.14,CN(C)[C@@H]1CCN(c2ccc(Cl)c(Cl)c2)c2ccccc21,7,nM,8.15,7
CHEMBL258338,,247.38,0,3.28,CO[C@@]1(c2ccccc2)CCCC[C@H]1CN(C)C,3880,nM,5.41,3880
CHEMBL382741,,374.48,0,4.06,CC(C)(Cc1ccc2ccccc2c1)NC[C@@H](O)COc1ccccc1C#N,3,nM,8.52,0.003
CHEMBL572163,,421.54,0,4.21,CC(C)(Cc1ccc2ccccc2c1)NC[C@@H](O)COc1ccc(CCC(=O)O)cc1,68,nM,7.17,0.068
CHEMBL610897,,293.79,0,3.08,COC(=O)C1C2CC[C@H](C[C@@H]1c1ccc(Cl)cc1)N2C,44.5,nM,7.35,44.5
CHEMBL435341,,299.41,0,3.46,C/C=C\c1ccc([C@H]2CC3CCC([C@H]2C(=O)OC)N3C)cc1,1.15,nM,8.94,1.15
CHEMBL117703,Rhenium complex,743.8,None,None,,2000,nM,5.7,2000
CHEMBL4128926,,583.78,2,5.76,CC(C)(C)NS(=O)(=O)c1ccc(-c2sc(C(=O)N[C@H]3C[C@H](C(=O)O)C3)nc2CC2CCCCC2)c2ccccc12,1.7,nM,8.77,1.7
CHEMBL894,BUPROPION,239.75,0,3.3,CC(NC(C)(C)C)C(=O)c1cccc(Cl)c1,47000,nM,4.33,47000
CHEMBL1762476,,386.4,0,3.3,CNCC[C@@H](Oc1cc(OC)ccc1C#N)c1ccccc1.O=C(O)C(=O)O,5700,nM,5.24,5.7
CHEMBL117698,Rhenium complex,745.81,None,None,,337,nM,6.47,337
CHEMBL365092,,310.42,0,4.43,COC(=O)C1=C(c2ccc3ccccc3c2)CC2CCC1S2,1300,nM,5.89,1.3
CHEMBL187211,,370.19,0,3.17,COC(=O)C1=C(c2ccc(I)cc2)CC2CCC1O2,4800,nM,5.32,4.8
CHEMBL1683886,,251.8,0,4.1,CN(C)CC1(c2cccc(Cl)c2)CCCCC1,55,nM,7.26,55
CHEMBL356904,,413.52,1,5.31,COc1cccc2c1O[C@@H](CN1C3C=C(c4cccc5ccccc45)CC1CC3)CO2,951,nM,6.02,951
CHEMBL9831,,353.46,0,4.02,COc1cccc2c1CCCC2CN(C)CCc1ccc2c(c1)OCO2,21,nM,7.68,21
CHEMBL268258,,349.47,1,5.04,COc1cccc2c1CCC[C@H]2CN(C)CCc1ccc2ccoc2c1,13,nM,7.89,13
CHEMBL1762473,,376.8,0,3.68,N#Cc1ccc(Cl)cc1O[C@H](CCN)c1ccccc1.O=C(O)C(=O)O,2100,nM,5.68,2.1
CHEMBL1762481,,402.29,0,2.43,N#Cc1ccc(C(F)(F)F)nc1O[C@H](CCN)c1ccno1.O=C(O)C(=O)O,70000,nM,4.16,70
CHEMBL326165,N-[(2-((3'-N-propyl-(1''R) -3''beta-(4-fluorophenyl) tropane-2''-beta-1-propanoyl) (2-mercaptoethyl) amino) acetyl) -2-aminoethanethiolato)rhenium(V) oxide,694.91,None,None,,200,nM,6.7,200
CHEMBL422290,,411.61,0,4.42,CSCCSCCC(=O)OC[C@@H]1C2CCC(C[C@@H]1c1ccc(F)cc1)N2C,28.5,nM,7.54,28.5
CHEMBL360575,,202.3,0,2.66,CN(C)CCCc1c[nH]c2ccccc12,58,nM,7.24,58
CHEMBL1276225,,307.23,0,4.13,CN(C)C1CCC(c2c[nH]c3ccc(Br)cc23)C1,4.3,nM,8.37,4.3
CHEMBL1276226,,246.33,0,3.5,CN(C)C1CCC(c2c[nH]c3cc(F)ccc23)C1,5.1,nM,8.29,5.1
CHEMBL1276251,,262.78,0,4.02,CN(C)C1CCC(c2c[nH]c3c(Cl)cccc23)C1,1.4,nM,8.85,1.4
CHEMBL1275671,,260.36,0,3.89,CCN(C)C1CCC(c2c[nH]c3ccc(F)cc23)C1,3.7,nM,8.43,3.7
CHEMBL1275730,,253.35,0,3.24,CN(C)[C@H]1CC[C@@H](c2c[nH]c3ccc(C#N)cc23)C1,0.38,nM,9.42,0.38
CHEMBL1275791,,246.33,0,3.5,CN(C)[C@H]1CC[C@@H](c2c[nH]c3ccc(F)cc23)C1,0.63,nM,9.2,0.63
CHEMBL2096860,,385.25,0,3.03,COC(=O)[C@H]1C2CCC(C[C@@H]1c1ccc(I)cc1)N2C,66.3,nM,7.18,66.3
CHEMBL224819,,338.24,0,3.19,COC(=O)[C@@H]1C2CCC(C[C@H]1c1ccc(Br)cc1)N2C,84,nM,7.08,84
CHEMBL455423,,326.22,0,4.86,COc1ccc(CN(C)C)c(Oc2ccc(Cl)c(Cl)c2)c1,3.61,nM,8.44,3.61
CHEMBL311347,,385.25,0,3.03,COC(=O)[C@@H]1C2CC[C@H](C[C@@H]1c1ccc(I)cc1)N2C,4.2,nM,8.38,4.2
CHEMBL3126965,,471.49,1,6.87,FC(F)(F)c1cc(COCC2(c3ccccc3)CCC(NC3CC3)CC2)cc(C(F)(F)F)c1,680,nM,6.17,680
CHEMBL3126961,,417.39,1,5.69,N[C@@H]1CC[C@](COCc2cc(C(F)(F)F)cc(C(F)(F)F)c2)(c2ccccc2)C1,210,nM,6.68,210
CHEMBL1683871,,258.19,0,4.15,NCC1(c2ccc(Cl)c(Cl)c2)CCCCC1,201,nM,6.7,201
CHEMBL1683887,,237.77,0,3.76,CNCC1(c2cccc(Cl)c2)CCCCC1,767,nM,6.12,767
CHEMBL1683890,,255.76,0,3.9,CNCC1(c2ccc(F)c(Cl)c2)CCCCC1,689,nM,6.16,689
CHEMBL43048,MIDOMAFETAMINE,193.25,0,1.57,CNC(C)Cc1ccc2c(c1)OCO2,425,nM,6.37,425
CHEMBL6731,TENAMFETAMINE,179.22,0,1.31,CC(N)Cc1ccc2c(c1)OCO2,478,nM,6.32,478
CHEMBL256039,,274.41,0,2.55,CCCCN(CC)C(=O)C1(c2ccccc2)CC1CN,2000,nM,5.7,2000
CHEMBL5420565,,471.01,1,5.29,N#Cc1ccc2[nH]cc(CCCCN3CCN(c4ncc(-c5ccc(Cl)cc5)cn4)CC3)c2c1,0.32,nM,9.49,0.32
CHEMBL592374,AMITIFADINE,228.12,0,2.85,Clc1ccc([C@]23CNC[C@H]2C3)cc1Cl,13.8,nM,7.86,13.8
CHEMBL1762480,,399.47,0,3.44,Cc1ccc(C#N)c(S[C@H](CCN)c2ccccc2)n1.O=C(O)/C=C/C(=O)O,2600,nM,5.58,2.6
CHEMBL1683904,,279.43,0,4.77,CNCC1(c2ccc(-c3ccccc3)cc2)CCCCC1,286,nM,6.54,286
CHEMBL1276164,,307.23,0,4.13,CN(C)C1CCC(c2c[nH]c3cccc(Br)c23)C1,5.3,nM,8.28,5.3
CHEMBL1276165,,253.35,0,3.24,CN(C)C1CCC(c2c[nH]c3ccc(C#N)cc23)C1,0.48,nM,9.32,0.48
CHEMBL1276297,,225.29,0,2.63,N#Cc1ccc2[nH]cc(C3CCC(N)C3)c2c1,32,nM,7.5,32
CHEMBL1275731,,253.35,0,3.24,CN(C)[C@@H]1CC[C@@H](c2c[nH]c3ccc(C#N)cc23)C1,1.3,nM,8.89,1.3
CHEMBL173594,,299.41,0,3.46,C/C=C/c1ccc([C@H]2CC3CCC([C@H]2C(=O)OC)N3C)cc1,1.3,nM,8.89,1.3
CHEMBL454288,,241.33,0,3.85,Cc1ccc(Oc2ccccc2CN(C)C)cc1,3.46,nM,8.46,3.46
CHEMBL488069,,364.19,1,5.87,CN(C)Cc1ccc(C(F)(F)F)cc1Oc1ccc(Cl)c(Cl)c1,17.1,nM,7.77,17.1
CHEMBL454657,,330.19,0,4.65,CNCc1cc(F)c(OC)cc1Oc1ccc(Cl)c(Cl)c1,4.51,nM,8.35,4.51
CHEMBL513629,,289.81,1,5.03,CNC(C)c1ccc(Cl)cc1Oc1ccc(C)c(C)c1,115,nM,6.94,115
CHEMBL209689,,344.41,0,4.87,Cc1ccc2c(c1)c(-c1ccnc3c(C)cccc13)c(C)n2CC(=O)O,2000,nM,5.7,2
CHEMBL3817970,,288.44,0,2.65,Cc1cccc(CN(C2CCOCC2)C2CCNC2)c1C,8.9,nM,8.05,8.9
CHEMBL11,IMIPRAMINE,280.42,0,3.88,CN(C)CCCN1c2ccccc2CCc2ccccc21,6.9,nM,8.16,6.9
CHEMBL379181,,440.67,1,6.15,CN1CCCCCCCCCCCC(=O)OCC2C(CC3CCC2N3C)c2ccc1cc2,450,nM,6.35,450
CHEMBL2079586,,277.34,0,2.57,COC(=O)[C@H]1[C@@H](c2ccc(F)cc2)C[C@H]2CC[C@H]1N2C,759,nM,6.12,759
CHEMBL83617,,419.5,0,4.2,NC(=O)c1ccc2c(c1)CCOC2CCN1CC=C(c2c[nH]c3cc(F)ccc23)CC1,0.11,nM,9.96,0.11
CHEMBL118075,O-863,747.78,None,None,,264,nM,6.58,264
CHEMBL1276962,,329.45,0,4.81,CN(Cc1ccccc1)C1CCC(c2c[nH]c3ccc(C#N)cc23)C1,5.3,nM,8.28,5.3
CHEMBL1277049,,279.39,0,3.77,N#Cc1ccc2[nH]cc(C3CCC(N4CCCC4)C3)c2c1,3,nM,8.52,3
CHEMBL1683897,,239.36,0,4,NCC1(c2cccc3ccccc23)CCCCC1,1517,nM,5.82,1517
CHEMBL224062,,321.46,0,4.74,COc1ccc([C@@H]2C3CCC(C[C@@H]2c2ccc(C)cc2)N3C)cc1,1669,nM,5.78,1669
CHEMBL4228747,,285.34,0,2.76,Cc1cc2cc(OC3C[C@H]4CC[C@@H](C3)N4)ccc2oc1=O,0.72,nM,9.14,0.72
CHEMBL6467,4-METHYLTHIOAMPHETAMINE,181.3,0,2.3,CSc1ccc(CC(C)N)cc1,74,nM,7.13,74
CHEMBL2441437,,432.48,0,1.26,O=C1OCc2cc(CCN3CCN(C(=O)Cc4ccc(-n5cnnn5)cc4)CC3)ccc21,9100,nM,5.04,9.1
CHEMBL4464476,,463.63,1,5.61,N#Cc1ccc2[nH]cc(CCCCN3CCN(c4c5c(nc6ccccc46)CCCC5)CC3)c2c1,15.8,nM,7.8,15.8
CHEMBL370158,,324.88,1,5.31,C[N+]1(CCl)C2C=C(c3ccccc3-c3ccccc3)CC1CC2,16100,nM,4.79,16100
CHEMBL4069245,,452.51,0,1.31,Cc1c([C@@H](O)CN2CCC3(CC2)CCN(c2ccc(=O)n(C)n2)C3=O)ccc2c1COC2=O,10400,nM,4.98,10.4
CHEMBL119561,O-1186,696.88,None,None,,1300,nM,5.89,1300
CHEMBL197696,,411.46,0,4.12,CN(C)C(=O)Oc1ccc2c(c1)C=CCN(C)[C@@H]2CCOc1ccc([N+](=O)[O-])cc1,6,nM,8.22,6
CHEMBL214209,,370.49,0,3.7,CN1C2CCC1C1COC(=O)CCCCCC(=O)Nc3ccc(cc3)C1C2,200,nM,6.7,200
CHEMBL370805,COCAINE,303.36,0,1.87,COC(=O)[C@H]1[C@@H](OC(=O)c2ccccc2)C[C@@H]2CC[C@H]1N2C,1050,nM,5.98,1050
CHEMBL201556,,255.39,0,2.33,[2H]C([2H])([2H])N(C[C@H]1CCCC[C@]1(O)c1cccc(O)c1)C([2H])([2H])[2H],9900,nM,5,9900
CHEMBL1643510,,321.25,1,5.14,CN(C)C1CCN(c2ccc(Cl)c(Cl)c2)c2ccccc21,3,nM,8.52,3
CHEMBL3126962,,417.39,1,5.69,N[C@H]1CC[C@](COCc2cc(C(F)(F)F)cc(C(F)(F)F)c2)(c2ccccc2)C1,350,nM,6.46,350
CHEMBL370805,COCAINE,303.36,0,1.87,COC(=O)[C@H]1[C@@H](OC(=O)c2ccccc2)C[C@@H]2CC[C@H]1N2C,1050,nM,5.98,1050
CHEMBL225235,,309.43,0,4.87,Cc1ccc([C@H]2CC3CCC([C@H]2c2ccc(F)cc2)N3C)cc1,100,nM,7,100
CHEMBL388605,,351.49,0,4.75,COc1ccc([C@@H]2C3CCC(C[C@@H]2c2ccc(C)cc2)N3C)cc1OC,13700,nM,4.86,13700
CHEMBL426178,,305.47,1,5.04,Cc1ccc([C@@H]2CC3CCC([C@@H]2c2ccc(C)cc2)N3C)cc1,10000,nM,5,10000
CHEMBL312037,,273.38,0,2.73,COC(=O)[C@@H]1C2CC[C@H](C[C@@H]1c1ccc(C)cc1)N2C,240,nM,6.62,240
CHEMBL83729,,259.35,0,2.43,COC(=O)[C@@H]1C2CC[C@H](C[C@@H]1c1ccccc1)N2C,1960,nM,5.71,1960
CHEMBL186242,,329.25,0,4.59,COC(=O)C1=C(c2ccc(Cl)c(Cl)c2)CC2CCC1S2,3600,nM,5.44,3.6
CHEMBL2096858,,293.79,0,3.08,COC(=O)[C@H]1C2CCC(C[C@@H]1c1ccc(Cl)cc1)N2C,1450,nM,5.84,1450
CHEMBL375888,,293.79,0,3.08,COC(=O)[C@@H]1C2CCC(C[C@H]1c1ccc(Cl)cc1)N2C,53,nM,7.28,53
CHEMBL183550,,528.44,2,5.45,COc1ccc(Br)c(CC2CCN([C@H]3CC[C@]4(CC3)OC(=O)c3c5c(ccc34)OCO5)CC2)c1,91,nM,7.04,91
CHEMBL4224951,,328.28,0,4.6,CCOC[C@H]1[C@@H](c2ccc(Cl)c(Cl)c2)C[C@@H]2CC[C@H]1N2C,11,nM,7.96,11
CHEMBL249329,,250.34,0,3.38,CN(C)CC1CC1c1cccc2c(C#N)cccc12,48,nM,7.32,48
CHEMBL404730,,340.42,0,1.55,C#CCN(CC1CC1)C(=O)[C@@]1(c2ccc3c(c2)OCCO3)C[C@H]1CN,210,nM,6.68,210
CHEMBL257336,,326.4,0,1.3,C#CCN(C(=O)[C@@]1(c2ccc3c(c2)OCCO3)C[C@H]1CN)C1CC1,160,nM,6.8,160
CHEMBL405613,,334.39,0,2.01,C=C(F)CN(CC)C(=O)[C@@]1(c2ccc3c(c2)OCCO3)C[C@H]1CN,112,nM,6.95,112
CHEMBL411033,,336.39,0,2.05,NC[C@@H]1C[C@@]1(C(=O)C1NCc2ccccc21)c1ccc2c(c1)OCO2,77,nM,7.11,77
CHEMBL3609637,GSM1,514.48,1,4.67,COc1cc(-c2cn(C3CCc4c(F)cccc4N(CC(F)(F)F)C3=O)nn2)ccc1-n1cnc(C)c1,32,nM,7.5,32
CHEMBL249161,,231.36,0,3.57,CN(C)CC1CC1c1csc2ccccc12,150,nM,6.82,150
CHEMBL251576,,240.31,0,2.1,CN(C)CC1CC1c1n[nH]c2ccc(C#N)cc12,71,nM,7.15,71
CHEMBL198019,,232.3,0,2.97,CN(C)C[C@H]1C[C@@H]1c1c[nH]c2ccc(F)cc12,4.1,nM,8.39,4.1
CHEMBL249951,,225.34,0,3.5,CN(C)CC1CC1c1ccc2ccccc2c1,140,nM,6.85,140
CHEMBL251763,,239.36,0,3.9,CCN(C)CC1CC1c1cccc2ccccc12,58,nM,7.24,58
CHEMBL249107,,226.32,0,2.9,CN(C)CC1CC1c1cnc2ccccc2c1,130,nM,6.89,130
CHEMBL197696,,411.46,0,4.12,CN(C)C(=O)Oc1ccc2c(c1)C=CCN(C)[C@@H]2CCOc1ccc([N+](=O)[O-])cc1,6,nM,8.22,6
CHEMBL1237044,TRAMADOL,263.38,0,2.63,COc1cccc(C2(O)CCCCC2CN(C)C)c1,4300,nM,5.37,4300
CHEMBL3126972,,457.46,1,6.48,FC(F)(F)c1cc(COCC2(c3ccccc3)CCC(NC3CC3)C2)cc(C(F)(F)F)c1,530,nM,6.28,530
CHEMBL3126970,,445.45,1,6.29,CN(C)C1CCC(COCc2cc(C(F)(F)F)cc(C(F)(F)F)c2)(c2ccccc2)C1,57,nM,7.24,57
CHEMBL592374,AMITIFADINE,228.12,0,2.85,Clc1ccc([C@]23CNC[C@H]2C3)cc1Cl,14,nM,7.85,14
CHEMBL3126964,,459.47,1,6.73,CCNC1CCC(COCc2cc(C(F)(F)F)cc(C(F)(F)F)c2)(c2ccccc2)CC1,150,nM,6.82,150
CHEMBL363328,,469.53,0,5,O=C1O[C@]2(CC[C@@H](N3CCC(Cc4cc(F)ccc4F)CC3)CC2)c2ccc3c(c21)OCCO3,110,nM,6.96,110
CHEMBL402441,,324.38,0,0.77,C#CCN(CC#C)C(=O)[C@@]1(c2ccc3c(c2)OCCO3)C[C@H]1CN,25,nM,7.6,25
CHEMBL408384,,310.35,0,0.73,C#CCN(CC#C)C(=O)[C@@]1(c2ccc3c(c2)OCO3)C[C@H]1CN,49,nM,7.31,49
CHEMBL194372,,373.41,0,3.38,CN[C@@H](CCOc1ccc([N+](=O)[O-])cc1)c1ccc(OC(=O)N(C)C)cc1,42,nM,7.38,42
CHEMBL607377,,401.45,0,4.1,COC(=O)C1C2CC[C@H](C[C@H]1OC(c1ccc(F)cc1)c1ccc(F)cc1)N2C,9150,nM,5.04,9150
CHEMBL433956,,453.97,1,5.33,O=C1O[C@]2(CC[C@@H](N3CCC(Cc4ccccc4Cl)CC3)CC2)c2ccc3c(c21)OCO3,140,nM,6.85,140
CHEMBL182431,,451.54,0,4.86,O=C1O[C@]2(CC[C@@H](N3CCC(Cc4ccccc4F)CC3)CC2)c2ccc3c(c21)OCCO3,480,nM,6.32,480
CHEMBL362298,,487.52,1,5.7,O=C1O[C@]2(CC[C@@H](N3CCC(Cc4ccccc4C(F)(F)F)CC3)CC2)c2ccc3c(c21)OCO3,180,nM,6.75,180
CHEMBL362143,,501.55,2,5.74,O=C1O[C@]2(CC[C@@H](N3CCC(Cc4ccccc4C(F)(F)F)CC3)CC2)c2ccc3c(c21)OCCO3,510,nM,6.29,510
CHEMBL259209,MILNACIPRAN,246.35,0,1.77,CCN(CC)C(=O)C1(c2ccccc2)CC1CN,100,nM,7,100
CHEMBL814,FLUVOXAMINE,318.34,0,3.2,COCCCC/C(=N\OCCN)c1ccc(C(F)(F)F)cc1,3.8,nM,8.42,3.8
CHEMBL3916301,,394,1,5.74,CCC(NC(CC(C)C)C1(c2ccc(Cl)cc2)CCC1)C(=O)OCC(C)C,415,nM,6.38,415
CHEMBL3817934,,274.41,0,2.34,Cc1ccccc1CN(C1CCOCC1)C1CCNC1,29,nM,7.54,29
CHEMBL2012105,,325.41,0,3.52,COC(=O)[C@@H]1C2CCC(C[C@@H]1c1ccc(-c3cccn3C)cc1)O2,566,nM,6.25,566
CHEMBL2012111,,302.39,0,3.73,COC(=O)[C@@H]1C2CCC(C[C@H]1c1cc3ccccc3s1)O2,10,nM,8,10
CHEMBL185395,,467.99,1,5.37,O=C1O[C@]2(CC[C@@H](N3CCC(Cc4ccccc4Cl)CC3)CC2)c2ccc3c(c21)OCCO3,100,nM,7,100
CHEMBL2096876,,291.44,0,4.73,Cc1ccc([C@H]2C3CCC(C[C@H]2c2ccccc2)N3C)cc1,11000,nM,4.96,11000
CHEMBL2096875,,291.44,0,4.73,Cc1ccc([C@@H]2CC3CCC([C@@H]2c2ccccc2)N3C)cc1,16000,nM,4.8,16000
CHEMBL224771,,291.44,0,4.73,Cc1ccc([C@H]2CC3CCC([C@H]2c2ccccc2)N3C)cc1,1100,nM,5.96,1100
CHEMBL387758,,291.44,0,4.73,Cc1ccc([C@@H]2C3CCC(C[C@@H]2c2ccccc2)N3C)cc1,45000,nM,4.35,45000
CHEMBL1683889,,269.79,0,4.24,CN(C)CC1(c2ccc(F)c(Cl)c2)CCCCC1,31,nM,7.51,31
CHEMBL180672,,408.93,0,4.72,CC(C)(Cc1ccc2ccccc2c1)NC[C@@H](O)COc1cccc(Cl)c1C#N,2,nM,8.7,0.002
CHEMBL1762478,,289.21,0,2.98,CCC(CCNC)Oc1cc(Cl)ccc1C#N.Cl,44000,nM,4.36,44
CHEMBL41,FLUOXETINE,309.33,0,4.44,CNCCC(Oc1ccc(C(F)(F)F)cc1)c1ccccc1,3.58,nM,8.45,3.58
CHEMBL312037,,273.38,0,2.73,COC(=O)[C@@H]1C2CC[C@H](C[C@@H]1c1ccc(C)cc1)N2C,240,nM,6.62,240
CHEMBL370805,COCAINE,303.36,0,1.87,COC(=O)[C@H]1[C@@H](OC(=O)c2ccccc2)C[C@@H]2CC[C@H]1N2C,1050,nM,5.98,1050
CHEMBL197913,,275.4,0,4.6,CN1C2C=C(c3cccc(-c4ccccc4)c3)CC1CC2,670,nM,6.17,670
CHEMBL199598,,384.32,0,4.55,CN1C2CCC1CC(O)(C1c3ccccc3-c3ccc(Br)cc31)C2,2570,nM,5.59,2570
CHEMBL151420,,529.62,2,5.37,Cc1nc(-c2ccc(-c3ccc(C(=O)Nc4ccc(OCCF)c(N5CCN(C)CC5)c4)cc3)c(C)c2)no1,900,nM,6.05,900
CHEMBL180899,,452.5,1,5.28,Oc1nc2cc3c(cc2c2c1[C@@H](N1CCC(Cc4cc(F)ccc4F)CC1)CCC2)OCO3,5,nM,8.3,5
CHEMBL198045,,327.44,0,4.43,COc1cccc2c1CCCC2CN(C)CCc1cccc(F)c1,160,nM,6.8,160
CHEMBL1762479,,394.79,0,3.82,N#Cc1cc(F)c(Cl)cc1O[C@H](CCN)c1ccccc1.O=C(O)C(=O)O,4400,nM,5.36,4.4
CHEMBL1201203,BENZTROPINE,307.44,0,4.42,CN1[C@@H]2CC[C@H]1C[C@@H](OC(c1ccccc1)c1ccccc1)C2,24100,nM,4.62,24100
CHEMBL310650,,401.45,0,4.1,COC(=O)[C@@H]1C2CCC(C[C@@H]1OC(c1ccc(F)cc1)c1ccc(F)cc1)N2C,3530,nM,5.45,3530
CHEMBL462387,,282.17,0,4.51,CNCc1ccc(Cl)cc1Oc1ccc(Cl)cc1,9.2,nM,8.04,9.2
CHEMBL462226,,282.17,0,4.51,CNCc1cc(Cl)ccc1Oc1ccc(Cl)cc1,7.49,nM,8.13,7.49
CHEMBL370805,COCAINE,303.36,0,1.87,COC(=O)[C@H]1[C@@H](OC(=O)c2ccccc2)C[C@@H]2CC[C@H]1N2C,304,nM,6.52,304
CHEMBL401347,,250.34,0,3.38,CN(C)CC1CC1c1cccc2cc(C#N)ccc12,4.1,nM,8.39,4.1
CHEMBL251377,,215.3,0,2.23,CN(C)CC1CC1c1c[nH]c2ncccc12,410,nM,6.39,410
CHEMBL249958,,214.31,0,2.83,CN(C)C[C@H]1C[C@@H]1c1c[nH]c2ccccc12,99,nM,7,99
CHEMBL511099,BICIFADINE,173.26,0,1.86,Cc1ccc(C23CNCC2C3)cc1,117,nM,6.93,117
CHEMBL332491,O-1339,728.95,None,None,,120,nM,6.92,120
CHEMBL3126960,,417.39,1,5.69,N[C@H]1CC[C@@](COCc2cc(C(F)(F)F)cc(C(F)(F)F)c2)(c2ccccc2)C1,4.7,nM,8.33,4.7
CHEMBL259209,MILNACIPRAN,246.35,0,1.77,CCN(CC)C(=O)C1(c2ccccc2)CC1CN,420,nM,6.38,420
CHEMBL365183,,277.84,0,4.42,CN(C)CC1C2CCC(CC2)[C@@H]1c1cccc(Cl)c1,270,nM,6.57,270
CHEMBL184910,,546.41,1,4.15,O=C1O[C@]2(CC[C@@H](N3CCN(Cc4ccccc4I)CC3)CC2)c2ccc3c(c21)OCO3,48,nM,7.32,48
CHEMBL362363,,560.43,1,4.19,O=C1O[C@]2(CC[C@@H](N3CCN(Cc4ccccc4I)CC3)CC2)c2ccc3c(c21)OCCO3,54,nM,7.27,54
CHEMBL185540,,498.42,1,5.44,O=C1O[C@]2(CC[C@@H](N3CCC(Cc4ccccc4Br)CC3)CC2)c2ccc3c(c21)OCO3,45,nM,7.35,45
CHEMBL169429,,313.18,0,3.87,COC(=O)C1=C(c2ccc(Cl)c(Cl)c2)CC2CCC1O2,1900,nM,5.72,1.9
CHEMBL236902,,445.52,0,3.76,C[C@H]1CN(c2ccc(C(=O)Nc3ccccc3N)cn2)CCN1C(=O)OCc1ccccc1,1680,nM,5.78,1.68
CHEMBL410622,,349.43,0,1.61,NCC(=O)NCC1CC1(C(=O)N1CCc2ccccc21)c1ccccc1,77,nM,7.11,77
CHEMBL256019,,260.34,0,0.76,NCC1CC1(C(=O)N1CCOCC1)c1ccccc1,1700,nM,5.77,1700
CHEMBL256447,,244.34,0,1.53,NCC1C[C@@]1(C(=O)N1CCCC1)c1ccccc1,3100,nM,5.51,3100
CHEMBL641,ATOMOXETINE,255.36,0,3.72,CNCC[C@@H](Oc1ccccc1C)c1ccccc1,190,nM,6.72,190
CHEMBL402116,,249.35,0,2.64,CNC[C@H]1CCCC[C@]1(OC)c1cccc(O)c1,6922,nM,5.16,6922
CHEMBL3126959,,514.55,2,6.37,CN1CCN(C2CCC(COCc3cc(C(F)(F)F)cc(C(F)(F)F)c3)(c3ccccc3)CC2)CC1,520,nM,6.28,520
CHEMBL1232461,MOLIBRESIB,423.9,0,3.66,CCNC(=O)C[C@@H]1N=C(c2ccc(Cl)cc2)c2cc(OC)ccc2-n2c(C)nnc21,63000,nM,4.2,63
CHEMBL119728,2beta-carboxylic acid methoxymethylamide-3beta-(4-fluorophenyl)-8-methyl-8-azabicyclo [3.2.1] octane,725.93,None,None,,3260,nM,5.49,3260
CHEMBL408016,,330.43,0,1.93,CCN(CC1CC1)C(=O)[C@@]1(c2ccc3c(c2)OCCO3)C[C@H]1CN,540,nM,6.27,540
CHEMBL11,IMIPRAMINE,280.42,0,3.88,CN(C)CCCN1c2ccccc2CCc2ccccc21,4.1,nM,8.39,4.1
CHEMBL1173532,GSK1360707,286.2,0,3.26,COC[C@@]12CNCC[C@]1(c1ccc(Cl)c(Cl)c1)C2,9.2,nM,8.04,9.2
CHEMBL256667,,306.41,0,2.36,NCC1CC1(C(=O)C1NCCc2ccccc21)c1ccccc1,8.3,nM,8.08,8.3
CHEMBL415098,,306.41,0,2.88,NCC1CC1(C(=O)N1CCCc2ccccc21)c1ccccc1,100,nM,7,100
CHEMBL184571,,468.54,1,5.57,COc1cc2nc(O)c3c(c2cc1OC)CCC[C@@H]3N1CCC(Cc2cc(F)ccc2F)CC1,5.5,nM,8.26,5.5
CHEMBL380056,,412.62,1,5.37,CN1CCCCCCCCCC(=O)OCC2C(CC3CCC2N3C)c2ccc1cc2,380,nM,6.42,380
CHEMBL427904,,316.4,0,1.71,C=CCN(CC)C(=O)[C@@]1(c2ccc3c(c2)OCCO3)C[C@H]1CN,65,nM,7.19,65
CHEMBL259694,,314.39,0,1.83,C=CCN(CC=C)C(=O)[C@@]1(c2ccc3c(c2)OCO3)C[C@H]1CN,58,nM,7.24,58
CHEMBL405728,,286.42,0,2.26,CCN(CC)C(=O)[C@@]1(c2ccc3c(c2)CCC3)C[C@H]1CN,480,nM,6.32,480
CHEMBL2204341,,293.48,None,None,COc1ccc(C(CN(C)C)[Si]2(O)CCCCC2)cc1,1063,nM,5.97,1.063
CHEMBL252720,(S)-VENLAFAXINE,277.41,0,3.04,COc1ccc([C@@H](CN(C)C)C2(O)CCCCC2)cc1,7,nM,8.15,0.007
CHEMBL637,VENLAFAXINE,277.41,0,3.04,COc1ccc(C(CN(C)C)C2(O)CCCCC2)cc1,20,nM,7.7,0.02
CHEMBL472389,,231.27,0,3.34,CNCc1cc(F)ccc1Oc1ccccc1,381,nM,6.42,381
CHEMBL451178,,353.25,0,3.88,CN(C)Cc1cc(CC(N)=O)ccc1Oc1ccc(Cl)c(Cl)c1,2.43,nM,8.61,2.43
CHEMBL487221,,296.2,1,5.07,CNC(C)c1ccccc1Oc1ccc(Cl)c(Cl)c1,23,nM,7.64,23
CHEMBL487222,,261.75,0,4.41,CNC(C)c1ccccc1Oc1ccc(Cl)cc1,56.8,nM,7.25,56.8
CHEMBL454656,,307.37,1,5,CNCc1cc(F)ccc1Oc1ccc(-c2ccccc2)cc1,28.9,nM,7.54,28.9
CHEMBL527094,,326.22,1,5.07,CNC(C)c1ccc(OC)cc1Oc1ccc(Cl)c(Cl)c1,41.2,nM,7.38,41.2
CHEMBL507075,,315.72,0,4.87,CNCc1ccc(C(F)(F)F)cc1Oc1ccc(Cl)cc1,31.1,nM,7.51,31.1
CHEMBL449542,,310.22,1,5.07,CCc1cc(Oc2cc(Cl)ccc2CNC)ccc1Cl,20.7,nM,7.68,20.7
CHEMBL451330,,296.2,0,4.81,CNCc1ccc(Cl)cc1Oc1ccc(C)c(Cl)c1,4.19,nM,8.38,4.19
CHEMBL449048,,282.17,0,4.51,CNCc1ccc(Cl)cc1Oc1cccc(Cl)c1,77.5,nM,7.11,77.5
CHEMBL427215,,293.48,None,None,COc1ccc([C@H](CN(C)C)[Si]2(O)CCCCC2)cc1,3168,nM,5.5,3.168
CHEMBL2298806,,356.47,0,4.08,c1ccc2c(N3CCN(CCc4ccc5[nH]cnc5c4)CC3)cccc2c1,1760,nM,5.75,1.76
CHEMBL409715,,336.39,0,2.22,NC[C@@H]1C[C@@]1(C(=O)N1CCc2ccccc21)c1ccc2c(c1)OCO2,28,nM,7.55,28
CHEMBL406789,,302.37,0,1.67,C=CCN(CC)C(=O)[C@@]1(c2ccc3c(c2)OCO3)C[C@H]1CN,150,nM,6.82,150
CHEMBL255303,,302.44,0,2.99,CCN(CC)C(=O)[C@@]1(c2ccc3sccc3c2)C[C@H]1CN,1100,nM,5.96,1100
CHEMBL257550,,368.48,0,3.89,NCC1C(c2ccccc2)C1(C(=O)N1CCc2ccccc21)c1ccccc1,560,nM,6.25,560
CHEMBL257549,,334.46,0,3.33,C=CCN(CC)C(=O)C1(c2ccccc2)C(CN)C1c1ccccc1,3400,nM,5.47,3400
CHEMBL50858,,307.82,0,3.39,COC(=O)C1C2CC[C@H](C[C@@H]1c1ccc(Cl)c(C)c1)N2C,1,nM,9,1
CHEMBL487223,,300.16,0,4.64,CNCc1ccc(F)cc1Oc1ccc(Cl)c(Cl)c1,36,nM,7.44,36
CHEMBL529660,,312.2,0,4.51,CNCc1cc(OC)ccc1Oc1ccc(Cl)c(Cl)c1,3.77,nM,8.42,3.77
CHEMBL455424,,375.28,0,3.41,CNCc1cc(S(=O)(=O)NC)ccc1Oc1ccc(Cl)c(Cl)c1,9.35,nM,8.03,9.35
CHEMBL453631,,310.22,1,5.37,CNC(C)c1cc(C)ccc1Oc1ccc(Cl)c(Cl)c1,39.6,nM,7.4,39.6
CHEMBL256371,,263.38,0,2.95,CNC[C@H]1CCCC[C@]1(OC)c1cccc(OC)c1,3172,nM,5.5,3172
CHEMBL438627,,269.42,0,2.63,[2H]C([2H])([2H])N(C[C@H]1CCCC[C@]1(O)c1cccc(OC)c1)C([2H])([2H])[2H],3100,nM,5.51,3100
CHEMBL201531,,266.4,0,2.63,[2H]C([2H])([2H])Oc1cccc([C@@]2(O)CCCC[C@@H]2CN(C)C)c1,1900,nM,5.72,1900
CHEMBL258451,,344.39,0,1.62,C#CCN(CC(=C)F)C(=O)[C@@]1(c2ccc3c(c2)OCCO3)C[C@H]1CN,54,nM,7.27,54
CHEMBL272285,,272.39,0,2.31,NCC1CC1(C(=O)N1CCCCCC1)c1ccccc1,640,nM,6.19,640
CHEMBL269798,,280.37,0,2.22,NCC1CC1(C(=O)NCc1ccccc1)c1ccccc1,3200,nM,5.5,3200
CHEMBL256021,,334.46,0,2.02,CCN(CC)C(=O)C1(c2ccccc2)CC1CNCC(OC)OC,1100,nM,5.96,1100
CHEMBL256163,,263.38,0,2.95,CNC[C@@H]1CCCC[C@@]1(OC)c1cccc(OC)c1,3378,nM,5.47,3378
CHEMBL255196,,272.39,0,3.15,CO[C@]1(c2cccc(C#N)c2)CCCC[C@@H]1CN(C)C,6236,nM,5.21,6236
CHEMBL272063,,277.41,0,3.38,CCO[C@]1(c2cccc(O)c2)CCCC[C@@H]1CN(C)C,1424,nM,5.85,1424
CHEMBL403388,,291.44,0,3.68,CCO[C@]1(c2cccc(OC)c2)CCCC[C@@H]1CN(C)C,181,nM,6.74,181
CHEMBL332834,O-1185,726.94,None,None,,964,nM,6.02,964
CHEMBL485540,,428.54,0,3.82,CC1CN(c2ccc3ccccc3n2)CCN1CCCCN1C(=O)c2ccccc2C1=O,8,nM,8.1,8
CHEMBL520024,,414.51,0,3.43,CC1CN(c2ccc3ccccc3n2)CCN1CCCN1C(=O)c2ccccc2C1=O,80,nM,7.1,80
CHEMBL485541,,394.52,0,3.06,CC1CN(c2ccc3ccccc3n2)CCN1CCCCN1C(=O)CCCC1=O,50,nM,7.3,50
CHEMBL249161,,231.36,0,3.57,CN(C)CC1CC1c1csc2ccccc12,55,nM,7.26,55
CHEMBL361949,,220.29,0,2.8,CN(C)CCCc1c[nH]c2ccc(F)cc12,4,nM,8.4,4
CHEMBL1175,DULOXETINE,297.42,0,4.63,CNCC[C@H](Oc1cccc2ccccc12)c1cccs1,6.6,nM,8.18,6.6
CHEMBL1237044,TRAMADOL,263.38,0,2.63,COc1cccc(C2(O)CCCCC2CN(C)C)c1,1493,nM,5.83,1493
CHEMBL407563,,249.35,0,2.64,CNC[C@@H]1CCCC[C@@]1(OC)c1cccc(O)c1,1052,nM,5.98,1052
CHEMBL249951,,225.34,0,3.5,CN(C)CC1CC1c1ccc2ccccc2c1,8.6,nM,8.07,8.6
CHEMBL1162965,,239.32,0,2.7,CN(C)CC1CC1c1c[nH]c2ccc(C#N)cc12,1.1,nM,8.96,1.1
CHEMBL2364614,LIAFENSINE,366.47,0,4.46,CN1Cc2cc(-c3ccc(N)nn3)ccc2[C@H](c2ccc3ccccc3c2)C1,1.1,nM,8.96,1.1
CHEMBL4227980,,292.21,0,4.92,N[C@H]1CC[C@H](c2ccc(Cl)c(Cl)c2)c2ccccc21,14,nM,7.85,14
CHEMBL4228353,,228.12,0,2.85,Clc1ccc([C@@]23CNCC2C3)cc1Cl,13,nM,7.89,13
CHEMBL4226593,,302.25,0,3.78,CNC[C@]1(c2ccc(Cl)c(Cl)c2)CC[C@](C)(O)CC1,210,nM,6.68,210
CHEMBL5078078,,460.43,1,5.22,CC(C)(O)c1ccc(N2Cc3c(ccnc3-c3ccc(F)cc3OCC(F)(F)F)C2=O)cc1,310,nM,6.51,0.31
CHEMBL2012082,,310.35,0,3.82,COC(=O)C1=C(c2cccc(-c3ccco3)c2)CC2CCC1O2,710,nM,6.15,710
CHEMBL2012101,,328.43,0,4.24,COC(=O)[C@@H]1C2CCC(C[C@H]1c1ccc(-c3cccs3)cc1)O2,35,nM,7.46,35
CHEMBL2012117,,312.37,0,3.77,COC(=O)[C@H]1C2CCC(C[C@H]1c1ccc(-c3ccccc3)o1)O2,640,nM,6.19,640
CHEMBL258336,,247.38,0,3.28,CO[C@]1(c2ccccc2)CCCC[C@@H]1CN(C)C,2955,nM,5.53,2955
CHEMBL402116,,249.35,0,2.64,CNC[C@H]1CCCC[C@]1(OC)c1cccc(O)c1,5263,nM,5.28,5263
CHEMBL404197,,317.47,0,4.07,COc1cccc([C@@]2(OCC3CC3)CCCC[C@@H]2CN(C)C)c1,25,nM,7.6,25
CHEMBL260440,,292.38,0,2.49,NCC1CC1(C(=O)N1CCc2ccccc21)c1ccccc1,13,nM,7.89,13
CHEMBL256020,,258.37,0,1.92,NCC1CC1(C(=O)N1CCCCC1)c1ccccc1,1200,nM,5.92,1200
CHEMBL404474,,294.4,0,2.96,CCN(C(=O)C1(c2ccccc2)CC1CN)c1ccccc1,4400,nM,5.36,4400
CHEMBL269799,,232.33,0,1.38,CCN(C)C(=O)C1(c2ccccc2)CC1CN,830,nM,6.08,830
CHEMBL270569,,325.46,0,2.93,CCN(CC)C(=O)C1(c2ccccc2)CC1CNCc1ccc[nH]1,4400,nM,5.36,4400
CHEMBL463585,,242.37,0,3.59,CCCCC1(c2ccc3[nH]ccc3c2)CCNC1,16,nM,7.8,16
CHEMBL4644391,,432.55,0,3.18,N#Cc1ccc2nn(CCCCN3CCN(c4cccc5sccc45)CC3)c(=O)n2c1,341.6,nM,6.47,341.6
CHEMBL5438420,,472.54,0,4.92,N#Cc1ccc2[nH]cc(CCCCN3CCN(c4ncc(-c5ccc(F)cc5F)cn4)CC3)c2c1,0.58,nM,9.24,0.58
CHEMBL250962,,253.39,0,4.29,CCN(CC)CC1CC1c1ccc2ccccc2c1,550,nM,6.26,550
CHEMBL249328,,326.44,0,4.95,CN(Cc1ccccc1)CC1CC1c1cccc2cc(C#N)ccc12,16,nM,7.8,16
CHEMBL399947,,211.31,0,3.16,CNCC1CC1c1cccc2ccccc12,89,nM,7.05,89
CHEMBL362716,,530.43,2,5.62,O=C1O[C@]2(CC[C@@H](N3CCC(Cc4cc(F)ccc4Br)CC3)CC2)c2ccc3c(c21)OCCO3,77,nM,7.11,77
CHEMBL363320,,512.44,2,5.48,O=C1O[C@]2(CC[C@@H](N3CCC(Cc4ccccc4Br)CC3)CC2)c2ccc3c(c21)OCCO3,73,nM,7.14,73
CHEMBL360790,,516.41,2,5.58,O=C1O[C@]2(CC[C@@H](N3CCC(Cc4cc(F)ccc4Br)CC3)CC2)c2ccc3c(c21)OCO3,82,nM,7.09,82
CHEMBL443762,,561.66,1,4.36,Cc1nnc(-c2ccc(-c3ccc(C(=O)Nc4ccc(OS(C)(=O)=O)c(N5CCN(C)CC5)c4)cc3)c(C)c2)o1,3800,nM,5.42,3800
CHEMBL4579120,,634.86,2,6.18,CC(C)CCO[C@@H]1[C@H]2OC(C)(C)O[C@H]2[C@H]2Cn3cc(nn3)COCCCCCCN(CCc3ccc4ccccc4c3)CC[C@H]1O2,7400,nM,5.13,7.4
CHEMBL363510,,278.35,0,3.42,COC(=O)C1=C(c2ccc(F)cc2)CC2CCC1S2,28000,nM,4.55,28
CHEMBL371726,,238.33,0,3.42,CN1C2C=C(c3c[nH]c4ccccc34)CC1CC2,72.6,nM,7.14,72.6
CHEMBL381045,,287.41,0,4.51,CN1C2C=C(c3ccc4c(c3)Cc3ccccc3-4)CC1CC2,14.5,nM,7.84,14.5
CHEMBL200473,,293.41,0,3.8,CN1C2CCC1CC(O)(c1ccccc1-c1ccccc1)C2,2520,nM,5.6,2520
CHEMBL2079586,,277.34,0,2.57,COC(=O)[C@H]1[C@@H](c2ccc(F)cc2)C[C@H]2CC[C@H]1N2C,160,nM,6.8,160
CHEMBL4638599,,407.54,0,3.31,O=c1n(CCCCN2CCN(c3cccc4sccc34)CC2)nc2ccccn12,536.9,nM,6.27,536.9
CHEMBL3819249,,304.43,0,2.35,COc1cccc(CN(C2CCOCC2)C2CCNC2)c1C,11,nM,7.96,11
CHEMBL3818349,,346.37,0,3.19,Fc1cccc(CN(C2CCOCC2)C2CCNC2)c1C(F)(F)F,24,nM,7.62,24
CHEMBL357321,,413.52,1,5.31,COc1cccc2c1O[C@@H](CN1C3C=C(c4ccc5ccccc5c4)CC1CC3)CO2,767,nM,6.12,767
CHEMBL248917,,236.32,0,3.03,CNCC1CC1c1cccc2cc(C#N)ccc12,17,nM,7.77,17
CHEMBL3609749,,514.48,1,4.67,COc1cc(-c2cn([C@H]3CCc4c(F)cccc4N(CC(F)(F)F)C3=O)nn2)ccc1-n1cnc(C)c1,13,nM,7.89,13
CHEMBL402999,,276.38,0,1.4,CCN(CCOC)C(=O)C1(c2ccccc2)CC1CN,1300,nM,5.89,1300
CHEMBL272533,,277.41,0,3.29,COc1cccc([C@@]2(OC)CCCC[C@@H]2CN(C)C)c1,927,nM,6.03,927
CHEMBL2096877,,305.47,1,5.04,Cc1ccc([C@H]2CC3CCC([C@H]2c2ccc(C)cc2)N3C)cc1,1010,nM,6,1010
CHEMBL4644352,,425.53,0,3.45,O=c1n(CCCCN2CCN(c3cccc4sccc34)CC2)nc2c(F)cccn12,303.8,nM,6.52,303.8
CHEMBL5431204,,479.59,0,3.74,N#Cc1ccc2[nH]cc(CCCCN3CCN(c4ncc(-c5cccc(C(N)=O)c5)cn4)CC3)c2c1,0.35,nM,9.46,0.35
CHEMBL536352,,550.82,2,9.38,CCC(C)C(=O)[C@]12C(=O)[C@](CC=C(C)C)(C[C@H](CC=C(C)C)[C@@]1(C)CCC=C(C)C)C(=O)C(CC=C(C)C)=C2O,2000,nM,5.7,2
CHEMBL2012100,,312.37,0,3.77,COC(=O)[C@@H]1C2CCC(C[C@H]1c1ccc(-c3ccco3)cc1)O2,32,nM,7.5,32
CHEMBL2012112,,302.39,0,3.73,COC(=O)[C@H]1C2CCC(C[C@@H]1c1cc3ccccc3s1)O2,79,nM,7.1,79
CHEMBL5269984,,387.44,0,3.77,CCN(C)C(=O)Oc1ccc(C(CCOc2ccc([N+](=O)[O-])cc2)NC)cc1,42,nM,7.38,42
CHEMBL2112075,,445.39,0,4.72,CC(C)(Cc1ccc2ccccc2c1)NC[C@@H](O)COc1cccc(Cl)c1C#N.Cl,2,nM,8.7,0.002
CHEMBL147503,,457.58,0,3.96,COc1ccc(NC(=O)c2ccc(-c3ccc(C(=N)N)cc3C)cc2)cc1N1CCN(C)CC1,407,nM,6.39,407
CHEMBL2012078,,310.35,0,3.82,COC(=O)C1=C(c2ccc(-c3ccco3)cc2)CC2CCC1O2,248,nM,6.61,248
CHEMBL5265846,,439.51,0,4.9,CCN(C)C(=O)Oc1ccc2c(c1)C=CC(C)N(C)C2CCOc1ccc([N+](=O)[O-])cc1,6,nM,8.22,6
CHEMBL119561,O-1186,696.88,None,None,,1300,nM,5.89,1300
CHEMBL326945,Rhenium complex,692.9,None,None,,2100,nM,5.68,2100
CHEMBL1204009,,511.06,0,4.56,CCOC(=O)CCc1ccc(OC[C@H](O)CNC(C)(C)Cc2ccc3ccccc3c2)c(C#N)c1.Cl,78,nM,7.11,0.078
CHEMBL4225251,,288.22,0,3.51,C[C@]1(O)CC[C@](CN)(c2ccc(Cl)c(Cl)c2)CC1,1187,nM,5.93,1187
CHEMBL4227511,,228.12,0,2.85,Clc1ccc([C@]23CNCC2C3)cc1Cl,12,nM,7.92,12
CHEMBL410015,,356.45,0,2.28,NC[C@@H]1C[C@@]1(C(=O)N1CCc2sccc2C1)c1ccc2c(c1)OCO2,14,nM,7.85,14
CHEMBL486278,,385.46,0,2.22,COc1ccc(CC(C)(C)NC[C@H](O)COc2cccc3[nH]c(=O)[nH]c23)cc1,61,nM,7.21,0.061
CHEMBL439849,VILAZODONE,441.54,0,4.03,N#Cc1ccc2[nH]cc(CCCCN3CCN(c4ccc5oc(C(N)=O)cc5c4)CC3)c2c1,0.48,nM,9.32,0.48
CHEMBL3612833,,386.54,0,4.91,O=C(NCCCN1CCC(Cc2ccccc2)CC1)c1ccc2ccccc2c1,100,nM,7,0.1
CHEMBL4073400,,421.53,1,6.03,Fc1ccc(C(OCCN2CCC(Cc3ccccc3)CC2)c2ccc(F)cc2)cc1,1670,nM,5.78,1.67
CHEMBL570593,,446.55,0,4.08,CC(C)(Cc1ccc2ccccc2c1)NC[C@@H](O)COc1ccc(CCC(=O)O)cc1C#N,23,nM,7.64,0.023
CHEMBL3940791,,337.89,0,4.63,CCC(NC(CC(C)C)C1(c2ccc(Cl)cc2)CCC1)C(=O)O,140,nM,6.85,140
CHEMBL1934127,,458.01,1,6.09,CC(=O)N[C@@H]1CC2(CCN(Cc3ccc4[nH]c5ccc(Cl)cc5c4c3)CC2)c2ccccc21,100,nM,7,0.1
CHEMBL11,IMIPRAMINE,280.42,0,3.88,CN(C)CCCN1c2ccccc2CCc2ccccc21,29,nM,7.54,29
CHEMBL4204665,,367.49,0,3.11,COc1ccccc1N1CCN(CCCN2CCOc3ccccc32)CC1,195.02,nM,6.71,195.02
CHEMBL2204341,,293.48,None,None,COc1ccc(C(CN(C)C)[Si]2(O)CCCCC2)cc1,1063,nM,5.97,1.063
CHEMBL252720,(S)-VENLAFAXINE,277.41,0,3.04,COc1ccc([C@@H](CN(C)C)C2(O)CCCCC2)cc1,20,nM,7.7,0.02
CHEMBL4301645,,216.33,0,1.88,c1ccc([C@@H]2C[C@H]2NC2CCNCC2)cc1,2000,nM,5.7,2
CHEMBL3786182,GSK2879552,364.49,0,3.74,O=C(O)c1ccc(CN2CCC(CN[C@@H]3C[C@H]3c3ccccc3)CC2)cc1,80000,nM,4.1,80
CHEMBL332491,O-1339,728.95,None,None,,58.9,nM,7.23,58.9
CHEMBL1945780,,328.24,0,3.73,COC(=O)[C@H]1[C@@H](c2ccc(Cl)c(Cl)c2)C[C@@H]2CC[C@H]1N2C,2,nM,8.7,2
CHEMBL4226362,,316.27,0,4.12,CN(C)C[C@]1(c2ccc(Cl)c(Cl)c2)CC[C@@](C)(O)CC1,34,nM,7.47,34
CHEMBL4227830,,297.44,0,3.96,CN(C)C[C@]1(c2ccc3ccccc3c2)CC[C@](C)(O)CC1,7,nM,8.15,7
CHEMBL4639128,GSK778,511.63,2,5.6,COCc1nc2cnc3cc(-c4c(C)noc4C)c(OC[C@H]4CCNC4)cc3c2n1[C@H](C)c1ccccc1,39810.72,nM,4.4,4.4
CHEMBL2096859,,338.24,0,3.19,COC(=O)[C@H]1C2CCC(C[C@@H]1c1ccc(Br)cc1)N2C,570,nM,6.24,570
CHEMBL3306803,LUMATEPERONE,393.51,0,3.92,CN1CCN2c3c(cccc31)[C@@H]1CN(CCCC(=O)c3ccc(F)cc3)CC[C@@H]12,3.3,nM,8.48,3.3
CHEMBL4226716,,314.26,0,4.21,COC[C@H]1[C@@H](c2ccc(Cl)c(Cl)c2)C[C@@H]2CC[C@H]1N2C,10,nM,8,10
CHEMBL4074920,,552.68,1,3.79,Cc1noc(-c2cccc(CN3CCN(C(=O)c4ccc(C[C@@H]5CC[C@H]([C@H](O)c6ccccc6)N5)cc4)CC3)n2)n1,8794,nM,5.06,8794
CHEMBL1790051,,295.81,0,2.43,COC(=O)[C@@H]1C2CC[C@H](C[C@@H]1c1ccccc1)N2C.Cl,1960,nM,5.71,1960
CHEMBL326466,,279.43,0,4.53,CN(C)C[C@H]1C2CCC(C2)[C@@H]1c1ccc2ccccc2c1,9,nM,8.05,9
CHEMBL607430,,401.45,0,4.1,COC(=O)C1C2CC[C@H](C[C@@H]1OC(c1ccc(F)cc1)c1ccc(F)cc1)N2C,1460,nM,5.84,1460
CHEMBL113136,,277.84,0,4.42,CN(C)C[C@H]1C2CCC(CC2)[C@@H]1c1cccc(Cl)c1,303,nM,6.52,303
CHEMBL109517,,279.43,0,4.53,CN(C)C[C@@H]1C2CCC(C2)[C@H]1c1ccc2ccccc2c1,20,nM,7.7,20
CHEMBL3126967,,487.53,1,7.46,CCN(CC)C1CCC(COCc2cc(C(F)(F)F)cc(C(F)(F)F)c2)(c2ccccc2)CC1,280,nM,6.55,280
CHEMBL3126966,,459.47,1,6.68,CN(C)C1CCC(COCc2cc(C(F)(F)F)cc(C(F)(F)F)c2)(c2ccccc2)CC1,250,nM,6.6,250
CHEMBL3126977,,445.45,1,6.34,CNC1CCC(COCc2cc(C(F)(F)F)cc(C(F)(F)F)c2)(c2ccccc2)CC1,190,nM,6.72,190
CHEMBL3126963,,417.39,1,5.69,N[C@@H]1CC[C@@](COCc2cc(C(F)(F)F)cc(C(F)(F)F)c2)(c2ccccc2)C1,130,nM,6.89,130
CHEMBL194372,,373.41,0,3.38,CN[C@@H](CCOc1ccc([N+](=O)[O-])cc1)c1ccc(OC(=O)N(C)C)cc1,42,nM,7.38,42
CHEMBL1934130,,466.59,0,4.84,CC(=O)N[C@@H]1CC2(CCN(Cc3ccc4c(c3)c3ccccc3n4C(N)=O)CC2)c2ccccc21,10000,nM,5,10
CHEMBL4634009,,437.57,0,3.32,COc1cccc2nn(CCCCN3CCN(c4cccc5sccc45)CC3)c(=O)n12,203,nM,6.69,203
CHEMBL260439,,258.37,0,1.94,C=CCN(CC)C(=O)C1(c2ccccc2)CC1CN,280,nM,6.55,280
CHEMBL490,PAROXETINE,329.37,0,3.33,Fc1ccc([C@@H]2CCNC[C@H]2COc2ccc3c(c2)OCO3)cc1,20,nM,7.7,0.02
CHEMBL410055,,326.44,0,2.1,CC#CCN(CCC)C(=O)[C@@]1(c2ccc3c(c2)CCO3)C[C@H]1CN,460,nM,6.34,460
CHEMBL257551,,322.45,0,3.17,CCN(CC)C(=O)C1(c2ccccc2)C(CN)C1c1ccccc1,6400,nM,5.19,6400
CHEMBL3940167,,231.34,0,2.91,CCCN1CCC2c3cc(O)ccc3CCC21,13750,nM,4.86,13750
CHEMBL4227736,TOLUDESVENLAFAXINE,381.52,0,4.55,Cc1ccc(C(=O)Oc2ccc(C(CN(C)C)C3(O)CCCCC3)cc2)cc1,723,nM,6.14,723
CHEMBL2104993,VORTIOXETINE,298.46,0,3.86,Cc1ccc(Sc2ccccc2N2CCNCC2)c(C)c1,5.4,nM,8.27,5.4
CHEMBL6047610,,185.17,0,1.32,Fc1cccc(OC2CNC2)c1F,34000,nM,4.47,34000
CHEMBL4226362,,316.27,0,4.12,CN(C)C[C@]1(c2ccc(Cl)c(Cl)c2)CC[C@@](C)(O)CC1,34,nM,7.47,34
CHEMBL111128,,265.4,0,4.19,CNC[C@H]1C2CCC(C2)[C@@H]1c1ccc2ccccc2c1,9,nM,8.05,9
CHEMBL408940,,310.4,0,1.49,C#CCN(CC=C)C(=O)[C@@]1(c2ccc3c(c2)CCO3)C[C@H]1CN,130,nM,6.89,130
CHEMBL404145,,264.34,0,1.91,CCN(CC)C(=O)[C@@]1(c2cccc(F)c2)C[C@H]1CN,370,nM,6.43,370
CHEMBL11,IMIPRAMINE,280.42,0,3.88,CN(C)CCCN1c2ccccc2CCc2ccccc21,4.4,nM,8.36,4.4
CHEMBL41,FLUOXETINE,309.33,0,4.44,CNCCC(Oc1ccc(C(F)(F)F)cc1)c1ccccc1,180,nM,6.75,0.18
CHEMBL2012079,,326.42,0,4.29,COC(=O)C1=C(c2ccc(-c3cccs3)cc2)CC2CCC1O2,242,nM,6.62,242
CHEMBL2012103,,329.42,0,3.63,COC(=O)[C@@H]1C2CCC(C[C@H]1c1ccc(-c3nccs3)cc1)O2,128,nM,6.89,128
CHEMBL2012104,,312.37,0,3.77,COC(=O)[C@@H]1C2CCC(C[C@@H]1c1ccc(-c3ccco3)cc1)O2,30,nM,7.52,30
CHEMBL2012114,,285.34,0,2.99,COC(=O)[C@@H]1C2CCC(C[C@@H]1c1cc3ccccc3[nH]1)O2,556,nM,6.25,556
CHEMBL3609749,,514.48,1,4.67,COc1cc(-c2cn([C@H]3CCc4c(F)cccc4N(CC(F)(F)F)C3=O)nn2)ccc1-n1cnc(C)c1,13,nM,7.89,13
CHEMBL1237210,,536.8,2,8.99,CC(C)=CCC[C@]1(C)[C@@H](CC=C(C)C)C[C@]2(CC=C(C)C)C(=O)C(CC=C(C)C)=C(O)[C@@]1(C(=O)C(C)C)C2=O,2000,nM,5.7,2
CHEMBL401621,,337.47,0,3,CCN(CC)C(=O)C1(c2ccccc2)CC1CNCc1ccccn1,3500,nM,5.46,3500
CHEMBL272286,,327.43,0,2.59,CCN(CC)C(=O)C1(c2ccccc2)CC1CNCc1cnco1,4800,nM,5.32,4800
CHEMBL643,PROMETHAZINE,284.43,0,4.24,CC(CN1c2ccccc2Sc2ccccc21)N(C)C,7590,nM,5.12,7.59
CHEMBL809,SERTRALINE,306.24,1,5.18,CN[C@H]1CC[C@@H](c2ccc(Cl)c(Cl)c2)c2ccccc21,0.19,nM,9.72,0.19
CHEMBL11,IMIPRAMINE,280.42,0,3.88,CN(C)CCCN1c2ccccc2CCc2ccccc21,1.1,nM,8.96,1.1
CHEMBL507721,,293.77,0,4.55,CCc1cc(Oc2ccc(F)cc2CNC)ccc1Cl,5.53,nM,8.26,5.53
CHEMBL549,CITALOPRAM,324.4,0,3.81,CN(C)CCCC1(c2ccc(F)cc2)OCc2cc(C#N)ccc21,13.41,nM,7.87,13.41
CHEMBL281350,SB-224289,520.63,2,5.58,Cc1nc(-c2ccc(-c3ccc(C(=O)N4CCc5cc6c(cc54)C4(CCN(C)CC4)CO6)cc3)c(C)c2)no1,4700,nM,5.33,4700
CHEMBL1683901,,253.39,0,4.26,CNCC1(c2ccc3ccccc3c2)CCCCC1,34,nM,7.47,34
CHEMBL1683888,,269.79,0,4.24,CN(C)CC1(c2ccc(Cl)c(F)c2)CCCCC1,145,nM,6.84,145
CHEMBL1683900,,239.36,0,4,NCC1(c2ccc3ccccc3c2)CCCCC1,305,nM,6.52,305
